Title,Steam_id,has_achievements,completed_achievements,total_achievements,English_rating,Date_published,Total_number_of_reviews,Publisher,keys,count_main,time_main,count_complete,time_complete,Genres
198x,1086010,Y,0,14,Very Positive,2019-06-20,600,Hi-Bit Studios,0.0,291,97,41,155,"['Indie', 'Retro', 'Pixel Graphics', '1980s', 'Arcade', ""Beat 'em up"", 'Great Soundtrack', 'Short', '2D', 'Singleplayer', ""Shoot 'Em Up"", 'Action', 'Story Rich']"
20 minutes till dawn,1966900,Y,0,34,Very Positive,2023-06-08,27666,flanne,1.0,111,256,82,1881,"['Action Roguelike', 'Bullet Hell', 'Survival', 'Roguelite', ""Shoot 'Em Up"", 'Horror', 'Top-Down Shooter', 'Combat', 'Pixel Graphics', 'Lovecraftian', 'Singleplayer', 'Casual', 'Strategy', 'Action', 'Bullet Heaven', 'RPG', 'Gun Customization', 'Controller', 'Score Attack', 'Dark Fantasy']"
5d chess with multiverse time travel,1349230,N,,,Overwhelmingly Positive,2020-07-22,8034,Conor Petersen,2.0,11,90,1,7620,"['Chess', 'Time Travel', 'Time Manipulation', 'Board Game', 'Difficult', 'Puzzle', 'Multiplayer', 'Turn-Based Strategy', 'Strategy', 'Psychological', 'Turn-Based Tactics', 'Singleplayer', 'PvP', 'Indie', 'Artificial Intelligence', 'Psychedelic', 'Violent', 'Sci-fi', 'Colorful', 'Story Rich']"
ace combat 7 skies unknown,502500,Y,0,49,Very Positive,2019-01-31,45498,Bandai Namco Entertainment,7.0,501,748,29,4374,"['Flight', 'Military', 'War', 'Arcade', 'Shooter', 'Cinematic', '3D', 'Multiplayer', 'PvP', 'Action', 'Simulation', 'First-Person', 'Story Rich', 'Third Person', 'Great Soundtrack', 'Singleplayer', 'Silent Protagonist', 'Sci-fi', 'Realistic', 'VR']"
aeve:zero gravity,788510,Y,0,11,Mostly Negative,1970-07-04,28,DIG Games,8.0,,,6,54,"['Action', 'Indie']"
age of empires definitive edition,1017900,Y,0,44,Very Positive,2019-08-19,14178,Xbox Game Studios,9.0,27,1935,30,4683,"['Strategy', 'RTS', 'Multiplayer', 'Singleplayer', 'Base Building', 'City Builder', 'Historical', 'Classic', 'Remake', 'Real-Time', 'Medieval', 'Co-op', 'Story Rich', 'Great Soundtrack', 'War', 'Action', 'Isometric', 'Retro', ""1990's"", 'Building']"
agents of mayhem,304530,Y,0,49,Mixed,2017-08-15,3256,Deep Silver,10.0,79,993,34,2947,"['Action', 'Open World', 'Third Person', 'Singleplayer', 'Comedy', 'Funny', 'Third-Person Shooter', 'Shooter', 'Sexual Content', 'Adventure', 'Superhero', 'Female Protagonist', 'Violent', 'Sci-fi', 'Memes', 'Sandbox', 'Cyberpunk', 'Atmospheric', 'Multiplayer', 'Controller']"
ai war 2,573410,Y,0,255,Very Positive,2019-10-22,1121,Arcen Games,11.0,5,1285,1,30000,"['4X', 'Grand Strategy', 'Multiplayer', 'Co-op', 'Tower Defense', 'RTS', 'Real Time Tactics', 'Economy', 'Management', 'Military', 'Sci-fi', 'Space', 'War', 'Real-Time', 'Sandbox', 'Strategy', 'Simulation', 'Online Co-Op', 'Tactical', 'Moddable']"
aimlabs,714010,Y,2,100,Very Positive,2023-06-16,136034,Statespace,,,,,,"['FPS', 'Free to Play', 'Shooter', 'Simulation', 'Action', 'First-Person', 'Third-Person Shooter', 'Software', 'Score Attack', 'eSports', 'Controller', 'Level Editor', 'Competitive', 'Co-op', 'PvP', 'PvE', 'Education', '3D', 'Sniper', 'Casual']"
alien spidy,207000,Y,0,25,Mixed,2013-03-20,41,Kasedo Games,12.0,1,995,,,"['Indie', 'Action', 'Adventure', 'Platformer', 'Singleplayer']"
alien swarm reactive drop,563560,Y,21,198,Very Positive,2017-04-20,23662,Reactive Drop Team,,,,,,"['Twin Stick Shooter', 'PvE', 'Co-op', 'Top-Down Shooter', 'Class-Based', 'Third-Person Shooter', 'Aliens', 'Level Editor', 'Hacking', 'PvP', 'Third Person', 'Shooter', 'Moddable', 'Top-Down', 'First-Person', 'Sci-fi', 'Combat', 'Tactical', 'LGBTQ+', 'Free to Play']"
among us,945360,Y,11,33,Very Positive,2018-11-16,649995,Innersloth,13.0,,,,,"['Multiplayer', 'Social Deduction', 'Online Co-Op', 'Space', 'Survival', '2D', 'Funny', 'Party Game', 'Psychological', 'Co-op', 'Cartoony', 'Local Multiplayer', 'Casual', 'PvP', 'Action', 'Minigames', 'Sci-fi', 'Aliens', 'Colorful', 'Top-Down']"
ape out,447150,Y,0,23,Very Positive,2019-02-28,3680,Devolver Digital,15.0,552,138,16,755,"['Violent', 'Gore', 'Indie', 'Top-Down', 'Action', 'Fast-Paced', 'Singleplayer', 'Stylized', 'Difficult', ""Beat 'em up"", 'Music', '2D', 'Arcade', 'Top-Down Shooter', 'Music-Based Procedural Generation', 'Atmospheric', 'Casual', 'Soundtrack', 'Surreal', 'Great Soundtrack']"
ark survival evolved,346110,Y,0,32,Very Positive,2017-08-27,581974,Studio Wildcard,16.0,52,4622,28,69246,"['Open World Survival Craft', 'Survival', 'Multiplayer', 'Open World', 'Dinosaurs', 'Crafting', 'Building', 'Adventure', 'Base Building', 'Co-op', 'Action', 'Sandbox', 'First-Person', 'Massively Multiplayer', 'Singleplayer', 'Early Access', 'Dragons', 'RPG', 'Sci-fi', 'Indie']"
ark survival of the fittest,407530,N,,,Mostly Positive,2017-08-29,4618,Studio Wildcard,17.0,,,,,"['Free to Play', 'Survival', 'Dinosaurs', 'Multiplayer', 'Open World', 'Action', 'Adventure', 'Massively Multiplayer', 'PvP', 'Dragons', 'Crafting', 'Early Access', 'RPG', 'First-Person', 'Singleplayer', 'Strategy', 'Exploration', 'Sandbox', 'FPS', 'Indie']"
assassin's creed iv black flag,242050,Y,0,60,Very Positive,,71704,Ubisoft,18.0,1300,1430,948,3832,"['Pirates', 'Open World', 'Assassins', 'Adventure', 'Action', 'Stealth', 'Parkour', 'Third Person', 'Naval', 'Multiplayer', 'Historical', 'Story Rich', 'Singleplayer', 'Exploration', 'Naval Combat', 'Action-Adventure', 'Atmospheric', 'RPG', 'Action RPG', 'Co-op']"
assault android cactus,250110,Y,0,29,Very Positive,2015-09-23,1319,Witch Beam,19.0,90,213,7,1790,"['Bullet Hell', 'Twin Stick Shooter', ""Shoot 'Em Up"", 'Difficult', 'Shooter', 'Female Protagonist', 'Arcade', 'Cute', 'Top-Down', '3D', 'Controller', 'Action', 'Sci-fi', 'Robots', '4 Player Local', 'Co-op', 'Local Co-Op', 'Local Multiplayer', 'Fast-Paced', 'Multiplayer']"
autonauts,979120,Y,1,26,Very Positive,2019-10-17,3578,Curve Games,20.0,7,6002,8,10463,"['Automation', 'Programming', 'Simulation', 'Indie', 'Casual', 'Base Building', 'Colony Sim', 'Crafting', 'Cute', 'Sandbox', 'Resource Management', 'Building', 'Farming Sim', 'Management', 'Agriculture', 'Relaxing', 'Strategy', 'Robots', 'Singleplayer', 'City Builder']"
banana hell mountain of madness,2068520,N,,,Positive,2024-05-02,20,Petriheart,,,,,,"['Precision Platformer', 'Funny', 'Platformer', '2D Platformer', 'Casual', '2D', 'Strategy', 'Surreal', 'Side Scroller', 'Colorful', 'Hand-drawn', 'Stylized', 'Atmospheric', 'Emotional', 'Dystopian', 'Dark Fantasy', 'Lovecraftian', 'Psychedelic', 'Psychological', 'Dark']"
the bard's tale iv director's cut,1091980,Y,0,59,Mostly Positive,2019-08-27,690,inXile Entertainment,209.0,6,2618,12,4745,"['RPG', 'Turn-Based', 'Dungeon Crawler', 'Party-Based RPG', 'First-Person', 'Puzzle', 'Fantasy', 'CRPG', 'Singleplayer', 'Turn-Based Combat', 'Character Customization', 'Adventure']"
the bard's tale trilogy,843260,Y,0,47,Overwhelmingly Positive,2018-08-14,1207,inXile Entertainment,210.0,3,1733,7,6139,"['RPG', 'Dungeon Crawler', 'Classic', 'Grid-Based Movement', 'Fantasy', 'First-Person', 'Old School', 'Singleplayer', 'Party-Based RPG', 'Remake', 'Retro', 'Turn-Based', 'CRPG', '2D', 'Turn-Based Combat']"
batman arkham origins,209000,Y,0,60,Very Positive,2013-10-24,44821,Warner Bros. Interactive Entertainment,21.0,1300,769,221,2601,"['Action', 'Open World', 'Superhero', 'Adventure', 'Stealth', 'Third Person', 'Singleplayer', 'Multiplayer', 'Fighting', ""Beat 'em up"", 'Comic Book', 'Detective', 'Story Rich', 'Atmospheric', 'Action-Adventure', 'Controller', 'Sandbox', 'Third-Person Shooter', 'RPG', 'Co-op']"
battle of frigates,711320,Y,0,51,Mixed,2017-09-21,58,Conglomerate 5,,,,,,"['Casual', 'Indie', 'Action', 'Adventure', 'Simulation', 'Pirates', '2D', 'Old School', 'Retro', 'Top-Down Shooter', 'Top-Down', 'Shooter']"
battlefield v,1238810,Y,0,21,Mostly Positive,2018-11-09,234797,Electronic Arts,22.0,583,390,40,2362,"['FPS', 'Multiplayer', 'Singleplayer', 'World War II', 'Shooter', 'War', 'Military', 'First-Person', 'Massively Multiplayer', 'PvP', 'Combat', 'Open World', 'Historical', 'Action', 'Destruction', 'Battle Royale', 'Atmospheric', 'Violent', 'Sexual Content', 'Female Protagonist']"
besiege,346010,Y,2,54,Very Positive,2020-02-18,47742,Spiderling Studios,23.0,45,369,14,1249,"['Simulation', 'Sandbox', 'Physics', 'Destruction', 'Medieval', 'Building', 'Moddable', 'Multiplayer', 'PvE', 'PvP', 'Puzzle', 'Replay Value', 'Vehicular Combat', 'Level Editor', 'Flight', 'Naval Combat', '3D', 'Dark Humor', 'Strategy', 'Wargame']"
bioshock,7670,N,,,Very Positive,2007-08-21,25029,2K,24.0,3700,733,805,1456,"['FPS', 'Atmospheric', 'Story Rich', 'Action', 'Singleplayer', 'Horror', 'Steampunk', 'First-Person', 'Shooter', 'Sci-fi', 'Classic', 'RPG', 'Dystopian', 'Adventure', 'Underwater', 'Immersive', 'Dark', 'Political', 'Great Soundtrack', 'Alternate History']"
bioshock remastered,409710,Y,0,65,Very Positive,2016-09-15,51664,2K,28.0,3700,733,805,1456,"['FPS', 'Story Rich', 'Atmospheric', 'Horror', 'Singleplayer', 'First-Person', 'Action', 'Dystopian', 'Shooter', 'Underwater', 'Sci-fi', 'Steampunk', 'Dark', 'Classic', 'Adventure', 'Great Soundtrack', 'Immersive Sim', 'Alternate History', 'RPG', 'Remake']"
bioshock 2,8850,Y,0,68,Very Positive,2010-02-09,11402,2K,25.0,1800,642,361,1526,"['FPS', 'Action', 'Singleplayer', 'Story Rich', 'Atmospheric', 'Horror', 'First-Person', 'Shooter', 'Steampunk', 'Sci-fi', 'Underwater', 'Dystopian', 'Multiplayer', 'Adventure', 'Immersive', 'RPG', 'Dark', 'Great Soundtrack', 'Philosophical', 'Action RPG']"
bioshock 2 remastered,409720,Y,0,53,Mostly Positive,2016-09-15,23838,2K,26.0,1800,642,361,1526,"['FPS', 'Action', 'Singleplayer', 'Story Rich', 'Atmospheric', 'Horror', 'First-Person', 'Shooter', 'Dystopian', 'Sci-fi', 'RPG', 'Steampunk', 'Underwater', 'Adventure', 'Dark', 'Great Soundtrack', 'Alternate History', 'Immersive Sim', 'Remake', 'Multiplayer']"
bioshock infinite,8870,Y,0,80,Very Positive,2013-03-25,109102,2K,27.0,4400,704,498,1868,"['Action', 'First-Person', 'Shooter', 'FPS', 'Singleplayer', 'Story Rich', 'RPG', 'Adventure', 'Fantasy', 'Sci-fi', 'Atmospheric', 'Gore', 'Alternate History', 'Dystopian', 'Steampunk', 'Immersive', 'Time Travel', 'Linear', 'Combat', 'Dark']"
black desert,582660,N,,,Mostly Positive,2017-05-24,62477,Pearl Abyss,29.0,18,5533,9,138517,"['Sandbox', 'Action RPG', 'Exploration', 'MMORPG', 'War', 'Medieval', 'Crafting', 'PvP', 'First-Person', 'Action-Adventure', 'Open World', 'Character Customization', 'RPG', 'Strategy', '3D', 'Cooking', 'Fantasy', 'Action', 'Magic', 'Cinematic']"
bloons td 6,960090,Y,46,156,Overwhelmingly Positive,2018-12-17,345728,Ninja Kiwi,30.0,56,2270,23,35862,"['Tower Defense', 'Strategy', 'Multiplayer', 'Singleplayer', 'Online Co-Op', 'Co-op', 'Family Friendly', 'Casual', '3D', 'Cartoony', 'Sandbox', '2D', 'Great Soundtrack', 'Difficult', 'Touch-Friendly', 'Cute', 'Funny', 'Addictive', 'Survival', 'Action']"
bloons td battles 2,1276390,N,,,Very Positive,2021-11-30,33949,Ninja Kiwi,,,,,,"['Free to Play', 'Tower Defense', 'Multiplayer', 'Competitive', 'Strategy', 'PvP', 'Indie', 'Action', 'Family Friendly', 'Colorful', 'Real Time Tactics', 'Cartoony', 'Tactical', 'Sandbox', '3D', 'Casual', 'Top-Down', 'Character Customization', 'Funny', 'Difficult']"
borderlands 2,49520,Y,8,75,Very Positive,2012-09-20,209910,2K,31.0,1200,1811,457,8388,"['Loot', 'Shooter', 'Action', 'Multiplayer', 'Co-op', 'Looter Shooter', 'FPS', 'RPG', 'First-Person', 'Funny', 'Comedy', 'Open World', 'Combat', 'Online Co-Op', 'Adventure', 'Action RPG', 'Dark Humor', 'Singleplayer', 'Memes', 'Sci-fi']"
broken age,232790,Y,0,45,Very Positive,2014-01-28,4598,Double Fine Productions,,,,,,"['Point & Click', 'Adventure', 'Story Rich', 'Comedy', 'Indie', 'Funny', 'Singleplayer', 'Great Soundtrack', 'Puzzle', 'Casual', 'Female Protagonist', '2D', 'Classic', 'Retro', 'Sci-fi', 'Episodic', 'Short', 'Escape Room', 'Hand-drawn', 'Touch-Friendly']"
brothers a tale of two sons,225080,Y,0,12,Very Positive,2013-09-03,33738,505 Games,33.0,2300,189,1400,245,"['Adventure', 'Atmospheric', 'Story Rich', 'Controller', 'Indie', 'Emotional', 'Puzzle', 'Short', 'Fantasy', 'Singleplayer', 'Beautiful', 'Great Soundtrack', 'Local Co-Op', 'Multiplayer', 'Action', 'Platformer', 'Third Person', 'Casual', 'Walking Simulator', 'Colorful']"
capitalism 2,638200,N,,,Very Positive,2001-12-17,442,Enlight Software Limited,34.0,1,3200,,,"['Economy', 'Simulation', 'Capitalism', 'Management', 'Strategy', 'Indie', 'Villain Protagonist', 'RTS', 'Classic']"
celeste,504230,Y,0,32,Overwhelmingly Positive,2018-01-25,128887,Maddy Makes Games Inc.,35.0,3500,517,913,2425,"['Precision Platformer', 'Difficult', 'Great Soundtrack', 'Pixel Graphics', 'Indie', 'Platformer', '2D Platformer', 'Female Protagonist', 'Singleplayer', '2D', 'Story Rich', 'Adventure', 'Cute', 'Puzzle Platformer', 'LGBTQ+', 'Atmospheric', 'Action', 'Side Scroller', 'Retro', 'Exploration']"
company of heroes 2,231430,Y,0,452,Very Positive,2013-06-25,68609,Relic Entertainment,36.0,105,967,8,3781,"['Strategy', 'World War II', 'RTS', 'Multiplayer', 'Tactical', 'War', 'Historical', 'Military', 'Singleplayer', 'Co-op', 'Online Co-Op', 'Base Building', 'Tanks', 'Real-Time', 'Action', 'Real-Time with Pause', 'Atmospheric', 'Simulation', 'Great Soundtrack', 'Adventure']"
content warning,2881650,Y,0,48,Very Positive,2024-04-01,70356,Evil Landfall?,37.0,,,,,"['Horror', 'Online Co-Op', 'Procedural Generation', 'Exploration', 'Action Roguelike', 'Multiplayer', 'Comedy', 'Physics', 'Co-op', 'Funny', 'First-Person', 'Psychological Horror', 'Survival Horror', 'Atmospheric', 'Post-apocalyptic', 'Adventure', '3D', 'Time Management', 'Investigation', 'Mystery']"
crawl,293780,Y,0,45,Overwhelmingly Positive,2017-04-11,5596,Powerhoof,38.0,29,85,,,"['Pixel Graphics', 'Dungeon Crawler', 'Local Multiplayer', '4 Player Local', 'Action Roguelike', 'Indie', 'Local Co-Op', 'Action', 'Multiplayer', 'Roguelike', 'RPG', 'Lovecraftian', '2D', 'Great Soundtrack', 'Co-op', 'Fantasy', 'Gore', 'Singleplayer', 'Horror', 'Arcade']"
crusader kings ii,203770,Y,1,161,Very Positive,2012-02-14,73762,Paradox Interactive,,,,,,"['Grand Strategy', 'Strategy', 'Medieval', 'Historical', 'Political Sim', 'Simulation', 'RPG', 'Sandbox', 'Multiplayer', 'Politics', 'Diplomacy', 'Singleplayer', 'Replay Value', 'Real-Time with Pause', 'Moddable', 'Free to Play', 'Political', 'Character Customization', 'RTS', 'Great Soundtrack']"
crusader kings iii,1158310,Y,0,188,Very Positive,2020-09-01,92964,Paradox Interactive,39.0,53,4507,9,46384,"['Strategy', 'Medieval', 'Grand Strategy', 'Simulation', 'RPG', 'Historical', 'Management', 'Character Customization', 'Life Sim', 'Sandbox', 'Choices Matter', 'RTS', 'War', 'Singleplayer', 'Economy', 'Political', 'Multiplayer', 'Moddable', '4X', 'Real-Time with Pause']"
crypt of the necrodancer,247080,Y,0,61,Overwhelmingly Positive,2015-04-23,23487,Brace Yourself Games,40.0,147,851,5,30462,"['Rhythm', 'Roguelike', 'Great Soundtrack', 'Pixel Graphics', 'Dungeon Crawler', 'Indie', 'Difficult', 'Female Protagonist', 'Music', 'Local Co-Op', 'RPG', '2D', 'Action', 'Roguelite', 'Procedural Generation', 'Singleplayer', 'Fantasy', 'Co-op', 'Adventure', 'Retro']"
cuphead,268910,Y,0,42,Overwhelmingly Positive,2017-09-29,194013,Studio MDHR Entertainment Inc.,41.0,1100,656,594,1848,"['Difficult', 'Cartoon', 'Co-op', 'Platformer', 'Local Co-Op', 'Great Soundtrack', 'Multiplayer', '2D', 'Indie', 'Hand-drawn', 'Cartoony', 'Bullet Hell', 'Retro', 'Action', ""Shoot 'Em Up"", 'Singleplayer', 'Side Scroller', 'Souls-like', 'Colorful', 'Funny']"
danganronpa 2 goodbye despair,413420,Y,15,47,Overwhelmingly Positive,2016-04-18,30216,"Spike Chunsoft Co., Ltd.",42.0,967,2055,216,3715,"['Anime', 'Detective', 'Visual Novel', 'Mystery', 'Story Rich', 'Great Soundtrack', 'Singleplayer', 'Psychological Horror', 'Adventure', 'Dark Comedy', 'Puzzle', 'Horror', 'Atmospheric', 'Dark', 'Comedy', 'Dating Sim', 'Funny', 'Memes', 'Walking Simulator', 'Sexual Content']"
danganronpa v3 killing harmony,567640,Y,19,41,Very Positive,2017-09-25,21485,"Spike Chunsoft Co., Ltd.",43.0,663,2383,78,6190,"['Visual Novel', 'Detective', 'Female Protagonist', 'Anime', 'Story Rich', 'Mystery', 'Great Soundtrack', 'Singleplayer', 'Psychological Horror', 'Dark Humor', 'Horror', 'Puzzle', 'Adventure', 'Dark Comedy', 'Dark', 'Atmospheric', 'Funny', 'Dating Sim', 'Memes', 'Comedy']"
danganronpa trigger happy havoc,413410,Y,12,38,Overwhelmingly Positive,2016-02-18,35326,"Spike Chunsoft Co., Ltd.",44.0,1500,1526,386,2803,"['Visual Novel', 'Anime', 'Detective', 'Mystery', 'Story Rich', 'Great Soundtrack', 'Singleplayer', 'Psychological Horror', 'Horror', 'Adventure', 'Dark Comedy', 'Dark Humor', 'Puzzle', 'Point & Click', 'Funny', 'Exploration', 'Comedy', 'Survival', 'Action', 'Memes']"
dark souls ii scholar of the first sin,335300,Y,18,38,Very Positive,2015-04-01,82807,Bandai Namco Entertainment,45.0,999,2163,685,6500,"['Souls-like', 'Dark Fantasy', 'RPG', 'Difficult', 'Action', 'Third Person', 'Atmospheric', 'Action RPG', 'Character Customization', 'Co-op', 'Multiplayer', 'Fantasy', 'Adventure', 'Medieval', 'Dark', 'Singleplayer', 'Lore-Rich', 'Story Rich', 'PvP', 'Remake']"
dark souls iii,374320,Y,43,43,Very Positive,2016-04-11,276767,"FromSoftware, Inc.",46.0,1900,1925,1200,6437,"['Souls-like', 'Dark Fantasy', 'Difficult', 'RPG', 'Atmospheric', 'Lore-Rich', 'Third Person', 'Exploration', 'Story Rich', 'Action RPG', 'Co-op', 'Great Soundtrack', 'Adventure', 'Action', 'Multiplayer', 'PvP', 'Open World', 'Singleplayer', 'Character Customization', 'Replay Value']"
dark souls remastered,570940,Y,20,41,Very Positive,2018-05-23,98706,"FromSoftware, Inc.",47.0,944,1722,953,4278,"['Souls-like', 'Dark Fantasy', 'RPG', 'Difficult', 'Action', 'Dark', 'Fantasy', 'Atmospheric', 'Great Soundtrack', 'Action RPG', 'Lore-Rich', 'Adventure', 'Multiplayer', 'Exploration', 'Third Person', 'Story Rich', 'Replay Value', 'Character Customization', 'Soundtrack', 'Co-op']"
darkest dungeon®,262060,Y,0,120,Very Positive,2016-01-19,139014,Red Hook Studios,,,,,,"['Turn-Based Combat', 'Dungeon Crawler', 'Dark Fantasy', 'Roguelike', 'RPG', 'Lovecraftian', 'Difficult', 'Turn-Based', 'Singleplayer', 'Perma Death', 'Strategy', 'Atmospheric', 'Dark', 'Indie', '2D', 'Roguelite', 'Horror', 'Gothic', 'Fantasy', 'Great Soundtrack']"
darksiders,50620,Y,0,43,Very Positive,2010-09-23,8511,THQ Nordic,49.0,1100,1028,429,1738,"['Action', 'Adventure', 'Hack and Slash', 'Third Person', 'Singleplayer', 'Post-apocalyptic', 'Fantasy', 'Controller', 'Action RPG', 'Puzzle', 'Action-Adventure', 'Gore', 'Open World', 'RPG', 'Spectacle fighter', '3D Platformer', ""Beat 'em up"", 'Metroidvania', 'Character Action Game', 'Platformer']"
darksiders ii deathinitive edition,388410,Y,0,50,Mostly Positive,2015-11-05,16047,THQ Nordic,50.0,254,1185,94,3320,"['Action', 'Hack and Slash', 'Adventure', 'RPG', 'Open World', 'Singleplayer', 'Third Person', 'Fantasy', 'Puzzle', 'Story Rich', 'Great Soundtrack', 'Action RPG', 'Dark Fantasy', 'Loot', 'Parkour', 'Spectacle fighter', 'Gore', 'Controller', 'Souls-like', 'Metroidvania']"
darksiders warmastered edition,462780,Y,0,43,Very Positive,2016-11-29,13664,THQ Nordic,51.0,1100,1028,429,1738,"['Action', 'Hack and Slash', 'Adventure', 'Third Person', 'Dark Fantasy', 'Singleplayer', 'RPG', 'Violent', 'Puzzle', 'Gore', 'Fantasy', 'Demons', 'Post-apocalyptic', 'Open World', 'Story Rich', 'Metroidvania', 'Controller', 'Remake', 'Difficult', 'Action RPG']"
darkwood,274520,Y,0,15,Very Positive,2017-08-17,21828,Hooded Horse,52.0,62,1132,17,2497,"['Horror', 'Survival Horror', 'Adventure', 'Action', 'Psychological Horror', 'RPG', 'Dark', 'Atmospheric', 'Survival', 'Exploration', 'Story Rich', 'Open World', 'Dark Fantasy', 'Fantasy', 'Singleplayer', 'Action-Adventure', 'Multiple Endings', 'Choices Matter', 'Combat', 'Supernatural']"
dead rising 4,543460,Y,0,104,Mixed,2017-03-14,4725,Capcom,53.0,135,600,11,2552,"['Zombies', 'Open World', 'Action', 'Multiplayer', 'Co-op', 'Violent', 'Gore', 'Survival', 'Comedy', 'Horror', 'Third Person', 'Funny', 'Nudity', 'Heist', 'Online Co-Op', 'Singleplayer', 'Survival Horror', 'Memes', 'Sandbox', 'Casual']"
death road to canada,252610,Y,0,72,Very Positive,2016-07-21,8940,Rocketcat Games,54.0,49,393,3,14660,"['Zombies', 'Pixel Graphics', 'Action Roguelike', 'Local Co-Op', 'Survival', 'Action', 'Roguelike', 'Character Customization', 'Indie', 'Comedy', 'Great Soundtrack', 'RPG', 'Multiplayer', 'Replay Value', 'Co-op', '2D', 'Funny', 'Difficult', 'Roguelite', 'Memes']"
death squared,471810,Y,0,25,Very Positive,2017-03-13,466,SMG Studio,55.0,34,368,22,570,"['Puzzle', 'Local Co-Op', 'Co-op', 'Funny', 'Sokoban', '4 Player Local', 'Minimalist', 'Family Friendly', 'Singleplayer', 'Casual', 'Indie', 'Local Multiplayer', 'Robots', 'Co-op Campaign', 'Artificial Intelligence', 'Controller', 'Difficult', 'Satire', 'Dark Humor', 'Dynamic Narration']"
death's gambit afterlife,356650,Y,0,43,Very Positive,2018-08-13,4235,Serenity Forge,56.0,38,857,10,2541,"['Souls-like', 'Metroidvania', 'Pixel Graphics', 'RPG', 'Dark Fantasy', 'Action', '2D', 'Indie', 'Adventure', 'Platformer', 'Difficult', 'Action RPG', 'Singleplayer', 'Side Scroller', 'Atmospheric', 'Great Soundtrack', 'Fantasy', 'Story Rich', 'Controller', 'Replay Value']"
the deed dynasty,460960,Y,0,53,Very Positive,2016-05-10,529,GrabTheGames,211.0,3,310,10,863,"['Adventure', 'Crime', 'Indie', 'Story Rich', 'Atmospheric', 'Choices Matter', 'RPG', 'Singleplayer', 'Detective', 'Puzzle', 'Choose Your Own Adventure', 'Visual Novel', 'Mystery', 'Family Friendly', 'Sexual Content', 'Historical', '2D', 'Simulation', 'Surreal', 'Difficult']"
deep rock galactic,548430,Y,8,69,Overwhelmingly Positive,2020-05-13,301480,Coffee Stain Publishing,57.0,89,2947,30,31147,"['Dwarves', 'Co-op', 'PvE', 'FPS', 'Procedural Generation', 'Class-Based', 'Shooter', 'Exploration', 'First-Person', 'Loot', 'Sci-fi', 'Action', 'Space', 'Atmospheric', 'Looter Shooter', 'Combat', 'Survival', 'Horror', 'Dark', 'Action Roguelike']"
despotism 3k,699920,Y,0,30,Mostly Positive,2018-11-08,1017,Konfa Games,58.0,14,217,3,3674,"['Strategy', 'Indie', 'Dark Humor', 'Difficult', 'Pixel Graphics', '2D', 'Simulation', 'Sexual Content', 'Singleplayer', 'Replay Value', 'Perma Death', 'Roguelite', 'Roguelike', 'Resource Management', 'Violent', 'Post-apocalyptic', 'Villain Protagonist', 'Management', 'Cyberpunk', 'Great Soundtrack']"
deus ex game of the year edition,6910,N,,,Overwhelmingly Positive,2000-06-22,13599,Eidos Interactive Corp.,,,,,,"['Cyberpunk', 'RPG', 'Stealth', 'Immersive Sim', 'Classic', 'FPS', 'Sci-fi', 'Action', 'Singleplayer', 'Dystopian', 'Story Rich', 'Great Soundtrack', 'Inventory Management', 'First-Person', 'Conspiracy', 'Atmospheric', 'Moddable', 'Action RPG', 'Shooter', 'Adventure']"
deus ex invisible war,6920,N,,,Mixed,2004-03-05,2178,Eidos Interactive Corp.,61.0,82,544,53,1217,"['Cyberpunk', 'Action', 'FPS', 'RPG', 'Sci-fi', 'Stealth', 'Immersive Sim', 'Singleplayer', 'Transhumanism', 'First-Person', 'Dystopian', 'Female Protagonist', 'Shooter', 'Story Rich', 'Atmospheric', 'Classic', 'Conspiracy', 'Action RPG', 'Adventure', 'Great Soundtrack']"
deus ex human revolution director's cut,238010,Y,0,59,Very Positive,2013-10-25,25166,Eidos Interactive Corp.,60.0,350,1413,258,2900,"['Cyberpunk', 'Stealth', 'RPG', 'Sci-fi', 'FPS', 'Action', 'Singleplayer', 'Story Rich', 'Great Soundtrack', 'Transhumanism', 'Dystopian', 'First-Person', 'Atmospheric', 'Immersive Sim', 'Adventure', 'Inventory Management', 'Immersive', 'Shooter', 'Futuristic', 'Replay Value']"
deus ex the fall,258180,Y,0,28,Mostly Negative,2014-03-18,3741,Eidos Interactive Corp.,63.0,75,258,62,488,"['Cyberpunk', 'RPG', 'Action', 'Stealth', 'Sci-fi', 'Singleplayer', 'Adventure', 'First-Person', 'FPS', 'Episodic', 'Shooter', 'Dystopian', 'Transhumanism', 'Short', 'Atmospheric', 'Futuristic', 'Great Soundtrack', 'Action RPG', 'Story Rich', 'Immersive Sim']"
deus ex mankind divided ,337000,Y,0,81,Mostly Positive,2016-08-23,30524,Eidos Interactive Corp.,,,,,,"['Cyberpunk', 'Stealth', 'RPG', 'Sci-fi', 'Story Rich', 'Action', 'Atmospheric', 'Singleplayer', 'Immersive Sim', 'Futuristic', 'First-Person', 'FPS', 'Great Soundtrack', 'Open World', 'Shooter', 'Conspiracy', 'Dystopian', 'Transhumanism', 'Adventure', 'Third Person']"
devil may cry 4 special edition,329050,Y,0,42,Very Positive,2015-06-23,16448,"CAPCOM Co., Ltd.",64.0,543,665,21,4266,"['Action', 'Hack and Slash', 'Character Action Game', 'Great Soundtrack', 'Singleplayer', 'Spectacle fighter', 'Third Person', 'Stylized', 'Difficult', 'Classic', 'Story Rich', 'Anime', 'Adventure', 'Atmospheric', ""Beat 'em up"", 'Replay Value', 'Controller', 'Female Protagonist', 'Remake', 'Demons']"
devil may cry 5,601150,Y,0,55,Overwhelmingly Positive,2019-03-07,116538,"CAPCOM Co., Ltd.",65.0,1900,677,75,4868,"['Action', 'Hack and Slash', 'Great Soundtrack', 'Character Action Game', 'Demons', 'Spectacle fighter', 'Third Person', 'Singleplayer', 'Sexual Content', 'Nudity', 'Violent', 'Story Rich', 'Stylized', 'Difficult', 'Gore', 'Multiplayer', 'Classic', 'Controller', 'Adventure', 'Anime']"
devil may cry hd collection,631510,Y,0,99,Very Positive,2018-03-13,18353,"CAPCOM Co., Ltd.",66.0,192,1409,27,5277,"['Hack and Slash', 'Action', 'Great Soundtrack', 'Character Action Game', 'Difficult', 'Classic', 'Spectacle fighter', 'Demons', 'Singleplayer', 'Stylized', 'Violent', 'Third Person', 'Gothic', 'Gore', 'Atmospheric', 'Story Rich', 'Fast-Paced', 'Adventure', ""Beat 'em up"", 'Anime']"
dig or die,315460,Y,0,18,Very Positive,2018-07-10,3852,Gaddy Games,67.0,9,831,1,2134,"['Survival', 'Open World Survival Craft', 'Sandbox', 'Crafting', '2D', 'Open World', 'Indie', 'Strategy', 'Action', 'Tower Defense', 'Multiplayer', 'Building', 'Base Building', 'Co-op', 'Physics', 'Pixel Graphics', 'RPG', 'Singleplayer', 'Adventure', 'Early Access']"
dishonored,205100,Y,0,80,Overwhelmingly Positive,2012-10-11,66262,Bethesda Softworks,68.0,2300,737,421,2427,"['Stealth', 'First-Person', 'Assassins', 'Action', 'Steampunk', 'Singleplayer', 'Atmospheric', 'Story Rich', 'Multiple Endings', 'Adventure', 'Dark', 'Magic', 'Dystopian', 'FPS', 'RPG', 'Immersive Sim', 'Replay Value', 'Fantasy', 'Open World', 'Shooter']"
dishonored 2,403640,Y,0,50,Very Positive,2016-11-11,42433,Bethesda Softworks,69.0,1000,777,349,2845,"['Stealth', 'First-Person', 'Assassins', 'Action', 'Singleplayer', 'Steampunk', 'Story Rich', 'Atmospheric', 'Female Protagonist', 'Magic', 'Parkour', 'Supernatural', 'Open World', 'Adventure', 'Immersive Sim', 'Exploration', 'Gore', 'Great Soundtrack', 'Heist', 'Dystopian']"
doki doki literature club,698780,N,,,Overwhelmingly Positive,2017-09-22,223734,Team Salvato,,,,,,"['Psychological Horror', 'Visual Novel', 'Anime', 'Free to Play', 'Dating Sim', 'Cute', 'Horror', 'Dark', 'Story Rich', 'Romance', 'Singleplayer', 'Great Soundtrack', 'Gore', 'Violent', 'Sexual Content', 'Indie', 'First-Person', 'Memes', 'Casual', 'Adventure']"
don't starve,219740,N,,,Overwhelmingly Positive,2013-04-23,96641,Klei Entertainment,70.0,45,1718,11,10930,"['Survival', 'Open World Survival Craft', 'Crafting', 'Adventure', 'Indie', 'Sandbox', 'Singleplayer', 'Perma Death', 'Multiplayer', 'Open World', 'Exploration', 'Roguelike', 'Replay Value', 'Moddable', 'Difficult', 'Simulation', '2D', 'Top-Down', 'Survival Horror', 'Horror']"
don't starve together,322330,N,,,Overwhelmingly Positive,2016-04-21,372459,Klei Entertainment,71.0,29,2055,9,12529,"['Survival', 'Open World Survival Craft', 'Multiplayer', 'Co-op', 'Open World', 'Adventure', 'Crafting', 'Online Co-Op', 'Sandbox', 'Difficult', 'Indie', '2D', 'Atmospheric', 'Survival Horror', 'Funny', 'Strategy', 'Horror', 'Singleplayer', 'Action', 'Roguelike']"
doom,379720,Y,0,54,Overwhelmingly Positive,2016-05-12,153518,Bethesda Softworks,72.0,3500,708,696,1754,"['FPS', 'Gore', 'Action', 'Shooter', 'Great Soundtrack', 'Demons', 'First-Person', 'Multiplayer', 'Fast-Paced', 'Singleplayer', 'Sci-fi', 'Horror', 'Atmospheric', 'Classic', 'Difficult', 'Remake', 'Zombies', 'Violent', 'Co-op', 'Boomer Shooter']"
dr langeskov the tiger and the terribly cursed emerald a whirlwind heist,409160,Y,3,6,Very Positive,2015-12-04,10141,Crows Crows Crows,,,,,,"['Free to Play', 'Comedy', 'First-Person', 'Indie', 'Walking Simulator', 'Funny', 'Short', 'Singleplayer', 'Heist', 'Stealth', 'Story Rich', 'Experimental', 'Adventure', 'Casual', 'Atmospheric', 'Satire', 'Puzzle', 'Action', 'Psychological Horror', 'Horror']"
dragon's dogma dark arisen,367500,Y,0,59,Very Positive,2016-01-15,37198,Capcom,73.0,387,1993,156,7175,"['RPG', 'Open World', 'Character Customization', 'Fantasy', 'Action', 'Adventure', 'Singleplayer', 'Action RPG', 'Dragons', 'Dark Fantasy', 'Third Person', 'Magic', 'Exploration', 'Atmospheric', 'Great Soundtrack', 'Story Rich', 'Difficult', 'Multiplayer', 'JRPG', 'Hack and Slash']"
driver booster for steam,920490,N,,,Mostly Positive,2018-11-01,10571,IObit,,,,,,"['Utilities', 'Software', 'Free to Play', 'Psychological Horror']"
dropsy,274350,Y,0,30,Very Positive,2015-09-10,1614,Devolver Digital,74.0,46,271,41,439,"['Point & Click', 'Adventure', '2D', 'Great Soundtrack', 'Pixel Graphics', 'Indie', 'Surreal', 'Story Rich', 'Cute', 'Singleplayer', 'Atmospheric', 'Puzzle', 'Dark', 'Open World', 'Casual', 'Psychedelic', 'Survival Horror', 'Colorful', 'Cartoony']"
ducati 90th anniversary,456780,Y,0,22,Mostly Positive,2016-06-09,207,Milestone S.r.l.,75.0,6,633,3,1092,"['Motorbike', 'Sports', 'Simulation', 'Racing', 'Cycling']"
duck game,312530,Y,0,18,Overwhelmingly Positive,2015-06-04,25234,CORPTRON GAMES CORP.,76.0,14,242,7,8611,"['Multiplayer', 'Funny', 'Local Multiplayer', 'Pixel Graphics', 'Action', '2D', '4 Player Local', 'Platformer', 'Indie', 'Fast-Paced', 'Shooter', 'Comedy', 'Competitive', 'Retro', 'Local Co-Op', 'Great Soundtrack', 'Co-op', 'Memes', 'Casual', '1980s']"
elden ring,1245620,Y,0,42,Very Positive,2022-02-24,823410,"FromSoftware, Inc.",77.0,1700,3606,3900,8519,"['Souls-like', 'Open World', 'Dark Fantasy', 'RPG', 'Difficult', 'Action RPG', 'Multiplayer', 'Third Person', 'Fantasy', 'Singleplayer', 'Online Co-Op', 'Action', 'Co-op', 'Atmospheric', 'Great Soundtrack', 'PvP', 'Violent', '3D', 'Character Customization', 'Family Friendly']"
elden ring nightreign,2622380,Y,32,37,Very Positive,2025-05-29,127379,"FromSoftware, Inc.",78.0,180,1786,192,4213,"['Souls-like', 'Online Co-Op', 'Multiplayer', 'Roguelike', 'Co-op', 'Singleplayer', 'PvE', 'Action', 'Third Person', 'Roguelite', 'Action RPG', 'Open World', 'RPG', 'Dark', 'Violent', '3D', 'Survival', 'Lore-Rich', 'Story Rich', 'Dating Sim']"
enter the gungeon,311690,Y,0,54,Overwhelmingly Positive,2016-04-05,78941,Devolver Digital,79.0,205,1444,181,10025,"['Bullet Hell', 'Action Roguelike', 'Roguelike', 'Pixel Graphics', 'Difficult', 'Dungeon Crawler', 'Indie', 'Local Co-Op', 'Multiplayer', 'Twin Stick Shooter', 'Co-op', 'Action', '2D', 'Top-Down', 'Shooter', 'Singleplayer', 'Roguelite', 'Loot', 'Cute', 'Funny']"
the escapists,298630,Y,0,37,Very Positive,2015-02-13,14280,Team17,212.0,31,1131,16,2741,"['Pixel Graphics', 'Strategy', 'Crafting', 'Singleplayer', '2D', 'Simulation', 'Indie', 'Action', 'Difficult', 'Survival', 'Adventure', 'Puzzle', 'RPG', 'Top-Down', 'Multiplayer', 'Sandbox', 'Funny', 'Comedy', 'Co-op', 'Roguelike']"
etherborn,812160,Y,0,13,Mostly Positive,2019-07-18,100,Akupara Games,80.0,89,138,43,250,"['Indie', 'Adventure', 'Great Soundtrack', 'Puzzle', 'Puzzle Platformer', 'Atmospheric', 'Platformer', '3D Platformer', 'Minimalist', 'Colorful', 'Philosophical', 'Singleplayer', 'Silent Protagonist', 'Exploration', 'Music', 'Beautiful', 'Female Protagonist', 'Experimental', 'Surreal', 'Casual']"
europa universalis iii,25800,N,,,Very Positive,2007-01-23,1369,Paradox Interactive,81.0,8,4794,4,18594,"['Grand Strategy', 'Strategy', 'Historical', 'Political Sim', 'Real-Time with Pause', 'Political', 'Sandbox', 'Simulation', 'Singleplayer', 'Addictive', 'Multiplayer', 'RTS', 'Co-op', 'War', 'Alternate History', 'Medieval', 'Logic', '4X', 'Great Soundtrack', 'Moddable']"
europa universalis iv,236850,Y,167,373,Very Positive,2013-08-13,93721,Paradox Interactive,82.0,61,6560,27,111124,"['Grand Strategy', 'Strategy', 'Historical', 'Simulation', '4X', 'Alternate History', 'Wargame', 'Military', 'Diplomacy', 'Economy', 'Replay Value', 'Sandbox', 'Political', 'Real-Time with Pause', 'Moddable', 'Nonlinear', 'Co-op', 'Singleplayer', 'Management', 'Multiplayer']"
exapunks,716490,Y,0,16,Overwhelmingly Positive,2018-10-22,1363,Zachtronics,83.0,20,1529,5,1771,"['Programming', 'Puzzle', 'Hacking', 'Automation', 'Indie', 'Simulation', 'Logic', 'Cyberpunk', 'Singleplayer', 'Difficult', 'Great Soundtrack', 'Sandbox']"
fahrenheit indigo prophecy remastered,312840,Y,0,17,Mostly Positive,2015-01-28,6473,Quantic Dream,,,,,,"['Story Rich', 'Quick-Time Events', 'Adventure', 'Atmospheric', 'Choices Matter', 'Mystery', 'Singleplayer', 'Cinematic', 'Nudity', 'Detective', 'Action', 'Horror', 'Classic', 'Supernatural', 'Great Soundtrack', 'Noir', 'Remake', 'Female Protagonist', 'RPG', 'Sexual Content']"
fallout,38400,N,,,Overwhelmingly Positive,1997-09-30,16461,Bethesda Softworks,85.0,276,984,123,1928,"['RPG', 'Post-apocalyptic', 'Classic', 'Open World', 'Isometric', 'Turn-Based', 'Turn-Based Combat', 'Singleplayer', 'Sci-fi', 'Atmospheric', 'Multiple Endings', 'CRPG', ""1990's"", 'Retro', 'Adventure', 'Exploration', '2D', 'Difficult', 'Tactical', 'Sandbox']"
fallout 2,38410,N,,,Very Positive,1998-12-01,13699,Bethesda Softworks,86.0,121,1847,74,5014,"['RPG', 'Post-apocalyptic', 'Classic', 'Isometric', 'Open World', 'Turn-Based Combat', 'Turn-Based', 'Singleplayer', 'Story Rich', 'Sci-fi', 'Atmospheric', 'CRPG', 'Retro', 'Exploration', 'Dark Humor', 'Great Soundtrack', 'Replay Value', 'Adventure', '2D', 'Sandbox']"
fallout tactics,38420,N,,,Mostly Positive,2001-03-01,2321,Bethesda Softworks,87.0,18,1638,19,2907,"['Post-apocalyptic', 'RPG', 'Turn-Based', 'Strategy', 'Tactical', 'Isometric', 'Classic', 'Singleplayer', 'Sci-fi', 'Turn-Based Strategy', 'Tactical RPG', 'Open World', 'Real-Time with Pause', 'Action', 'Atmospheric', 'Turn-Based Tactics', 'Story Rich', 'Multiplayer', 'CRPG', 'Adventure']"
fallout new vegas,22380,Y,41,75,Overwhelmingly Positive,2010-10-21,209520,Bethesda Softworks,88.0,858,1643,482,8193,"['Open World', 'RPG', 'Post-apocalyptic', 'Singleplayer', 'Moddable', 'Story Rich', 'Exploration', 'First-Person', 'Action', 'Adventure', 'FPS', 'Sci-fi', 'Western', 'Atmospheric', 'Action RPG', 'Character Customization', 'Survival', 'Sandbox', 'Shooter', 'Third Person']"
feather,545040,Y,0,1,Very Positive,2019-04-05,492,Samurai Punk,89.0,21,30,38,41,"['Exploration', 'Flight', 'Sandbox', 'Nature', 'Third Person', 'Relaxing', 'Open World', 'Casual', 'Simulation', 'Stylized', 'Atmospheric', 'Co-op', 'Adventure', 'Multiplayer', 'Online Co-Op', 'Singleplayer', 'Music', 'Indie', 'Walking Simulator', 'Birds']"
fez,224760,Y,0,12,Very Positive,2013-05-01,11589,Trapdoor,90.0,553,355,657,728,"['Platformer', 'Indie', 'Puzzle', 'Pixel Graphics', 'Exploration', 'Great Soundtrack', 'Singleplayer', 'Adventure', 'Casual', 'Mystery', 'Puzzle Platformer', '2D', 'Beautiful', 'Relaxing', 'Atmospheric', '2.5D', 'Cute', 'Retro', 'Controller', 'Metroidvania']"
final fantasy vii,3837340,Y,0,31,Mostly Positive,2013-07-24,1171,Square Enix,91.0,1500,2206,761,4918,"['RPG', 'Adventure', 'Strategy', 'JRPG', 'Party-Based RPG', 'Exploration', ""1990's"", 'Cyberpunk', 'Fantasy', 'Dystopian', 'Retro', 'Magic', 'Atmospheric', 'Singleplayer', 'Story Rich', 'Sci-fi', 'Turn-Based', 'Great Soundtrack']"
final fantasy vii (2013),39140,Y,0,36,Very Positive,,30294,Square Enix,,,,,,"['JRPG', 'RPG', 'Classic', 'Turn-Based', 'Story Rich', 'Singleplayer', 'Great Soundtrack', 'Fantasy', 'Retro', 'Adventure', 'Party-Based RPG', 'Sci-fi', 'Epic', 'Open World', 'Cyberpunk', 'Atmospheric', 'Dystopian', ""1990's"", 'Exploration', 'Strategy']"
a fistful of gun,229810,Y,0,13,Mixed,2015-09-23,137,Devolver Digital,3.0,4,187,2,362,"['Action', 'Indie', 'Western', 'Pixel Graphics', 'Bullet Hell', 'Local Co-Op', 'Co-op', 'Top-Down Shooter', 'Arena Shooter', 'Twin Stick Shooter', '2D', 'Multiplayer', 'Local Multiplayer', 'Top-Down', 'Difficult']"
flinthook,401710,Y,0,37,Mostly Positive,2017-04-18,597,Tribute Games Inc.,92.0,5,1102,2,3289,"['Action Roguelike', 'Indie', 'Action', 'Adventure', 'Pixel Graphics', 'Roguelite', 'Platformer', 'Roguelike', '2D', 'Singleplayer', 'Difficult', 'Loot', '2D Platformer', 'Pirates', 'Great Soundtrack', 'Side Scroller', 'Colorful', 'Replay Value', 'Procedural Generation', 'Metroidvania']"
framed collection,322450,Y,0,18,Very Positive,2018-05-17,2291,Fellow Traveller,93.0,116,174,124,209,"['Puzzle', 'Casual', 'Indie', 'Comic Book', 'Adventure', 'Noir', 'Singleplayer', 'Minimalist', 'Touch-Friendly', 'Heist', 'Family Friendly', 'Point & Click', 'Great Soundtrack', 'Strategy', '2D', 'Cartoon', 'Music', 'Puzzle Platformer', 'Platformer', 'Addictive']"
frog detective 1 the haunted island,963000,Y,0,6,Very Positive,2018-11-22,3001,worm club,94.0,263,45,586,48,"['Comedy', 'Short', 'Funny', 'Casual', 'Cute', 'Detective', 'Mystery', 'Relaxing', 'Colorful', 'Exploration', 'Investigation', 'Walking Simulator', 'Point & Click', 'Adventure', 'Interactive Fiction', 'Singleplayer', 'Soundtrack', 'Indie', 'Great Soundtrack', 'Story Rich']"
ftl faster than light,212680,Y,0,51,Overwhelmingly Positive,2012-09-14,62307,Subset Games,95.0,300,775,65,7296,"['Roguelike', 'Space', 'Strategy', 'Sci-fi', 'Indie', 'Singleplayer', 'Perma Death', 'Difficult', 'Replay Value', 'Real-Time with Pause', 'Procedural Generation', 'Tactical', 'Top-Down', 'Space Sim', 'Roguelite', '2D', 'Survival', 'Choose Your Own Adventure', 'Adventure', 'Simulation']"
furi,423230,Y,0,33,Very Positive,2016-07-05,11150,The Game Bakers,96.0,609,336,52,1090,"['Bullet Hell', 'Hack and Slash', 'Difficult', 'Boss Rush', ""Beat 'em up"", ""Shoot 'Em Up"", 'Top-Down', 'Sci-fi', 'Third Person', 'Atmospheric', 'Action', 'Fast-Paced', 'Controller', 'Cyberpunk', 'Story Rich', 'Singleplayer', 'Violent', 'Replay Value', 'Great Soundtrack', 'Indie']"
the gardens between,600990,Y,0,17,Very Positive,2018-09-19,2348,The Voxel Agents,213.0,407,150,420,166,"['Puzzle Platformer', 'Hidden Object', 'Puzzle', 'Walking Simulator', 'Female Protagonist', '3D', 'Relaxing', 'Surreal', 'Linear', 'Story Rich', 'Time Manipulation', 'Stylized', 'Minimalist', 'Family Friendly', 'Logic', 'Time Travel', 'Atmospheric', 'Emotional', 'Mystery', 'Adventure']"
garfield kart furious racing,1085510,Y,0,14,Very Positive,2019-11-06,10445,Microids,97.0,35,132,36,749,"['Racing', 'PvP', 'Sports', 'Competitive', 'Arcade', 'Third Person', 'Cute', 'Split Screen', 'Funny', 'Casual', 'Cartoony', 'Family Friendly', 'Cats', 'Comedy', 'Co-op', 'Multiplayer', 'Singleplayer', 'Local Multiplayer', 'Great Soundtrack', 'Classic']"
garry's mod,4000,Y,4,29,Overwhelmingly Positive,2006-11-29,1078531,Valve,98.0,77,3657,22,41525,"['Sandbox', 'Moddable', 'Multiplayer', 'Physics', 'Building', 'Casual', 'Funny', 'First-Person', 'Singleplayer', 'FPS', 'Simulation', 'Comedy', 'Shooter', 'Online Co-Op', 'Co-op', 'Action', 'Indie', 'PvP', 'Realistic', 'Exploration']"
gato roboto,916730,Y,0,12,Very Positive,2019-05-30,4305,Devolver Digital,99.0,287,207,255,279,"['Indie', 'Metroidvania', 'Action', 'Pixel Graphics', 'Adventure', '2D', 'Cats', 'Platformer', 'Retro', 'Singleplayer', 'Cute', 'Side Scroller', 'Exploration', 'Sci-fi', 'Controller', 'Difficult', 'Short', 'Female Protagonist', 'Great Soundtrack', 'Open World']"
gnog,290510,Y,0,20,Very Positive,2018-07-17,419,KO_OP,100.0,185,114,150,127,"['Indie', 'Casual', 'Adventure', 'Puzzle', 'VR', 'Colorful', 'Point & Click', 'Great Soundtrack', 'Singleplayer', 'Short']"
gods will be watching,274290,Y,0,35,Mixed,2014-07-24,2228,Devolver Digital,101.0,42,394,7,1131,"['Indie', 'Pixel Graphics', 'Point & Click', 'Sci-fi', 'Story Rich', 'Adventure', 'Difficult', 'Dark', 'Choices Matter', 'Singleplayer', 'Thriller', 'Puzzle', 'Atmospheric', 'Strategy', 'Survival', 'Resource Management', '2D', 'Great Soundtrack', 'Gore', 'Horror']"
a good snowman is hard to build,316610,Y,0,5,Overwhelmingly Positive,2015-02-25,671,Draknek & Friends,4.0,111,134,74,260,"['Cute', 'Puzzle', 'Sokoban', 'Relaxing', 'Open World', 'Difficult', 'Exploration', 'Strategy', 'Isometric', 'Post-apocalyptic', 'Surreal', 'Casual', 'Abstract', 'Cartoony', 'Minimalist', 'Colorful', 'Stylized', 'Family Friendly', 'Great Soundtrack', 'Atmospheric']"
gris,683320,Y,8,17,Overwhelmingly Positive,2018-12-13,83124,Devolver Digital,102.0,2500,216,766,398,"['Beautiful', 'Atmospheric', 'Great Soundtrack', 'Indie', 'Female Protagonist', 'Adventure', 'Hand-drawn', 'Platformer', 'Singleplayer', 'Relaxing', '2D', 'Story Rich', 'Puzzle', 'Colorful', 'Puzzle Platformer', 'Surreal', 'Casual', 'Exploration', 'Walking Simulator', 'Anime']"
guntouchables,2543510,Y,0,79,Mostly Positive,2025-08-07,327,Ghost Ship Publishing,103.0,7,181,2,2310,"['Action Roguelike', 'Multiplayer', 'Roguelite', 'Post-apocalyptic', 'Online Co-Op', 'Zombies', 'Co-op', 'Replay Value', 'Difficult', 'PvE', 'Arena Shooter', 'Bullet Hell', 'Indie', 'Singleplayer', 'Survival Horror', 'Gore', 'Comedy', 'Action', 'Survival', 'Dark']"
hacknet,365450,Y,0,11,Very Positive,2015-08-12,16749,Fellow Traveller,104.0,175,443,182,700,"['Hacking', 'Simulation', 'Programming', 'Typing', 'Story Rich', 'Singleplayer', 'Great Soundtrack', 'Choices Matter', 'Crime', 'Atmospheric', 'Detective', 'Cyberpunk', 'Logic', 'Education', '2D', 'Difficult', 'Adventure', 'Sci-fi', 'Dystopian', 'Indie']"
hades,1145360,Y,0,49,Overwhelmingly Positive,2020-09-17,283171,Supergiant Games,105.0,2800,1472,1400,5907,"['Action Roguelike', 'Roguelite', 'Hack and Slash', 'Indie', 'Mythology', 'Action', 'Roguelike', 'Singleplayer', 'Great Soundtrack', 'Story Rich', 'Dungeon Crawler', 'RPG', 'Replay Value', 'Isometric', 'Difficult', 'Hand-drawn', 'Action RPG', 'Atmospheric', 'LGBTQ+', 'Perma Death']"
half-life 2,220,Y,0,69,Overwhelmingly Positive,2004-11-16,200189,Valve,106.0,3100,784,807,1245,"['FPS', 'Action', 'Sci-fi', 'Classic', 'Singleplayer', 'Story Rich', 'Shooter', 'First-Person', 'Adventure', 'Dystopian', 'Atmospheric', 'Silent Protagonist', 'Zombies', 'Physics', 'Aliens', 'Great Soundtrack', 'Horror', 'Multiplayer', 'Puzzle', 'Moddable']"
half-life 2 deathmatch,320,N,,,Very Positive,2004-11-01,10171,Valve,107.0,,,,,"['Action', 'FPS', 'Multiplayer', 'Shooter', 'First-Person', 'Sci-fi', 'Physics', 'Competitive', 'Funny', 'Co-op', 'Old School', 'PvP', 'Arena Shooter', 'Moddable', 'Atmospheric', 'Adventure', 'Great Soundtrack', 'Singleplayer', 'Violent', 'Mod']"
half-life deathmatch source,360,N,,,Mostly Positive,2006-05-01,4313,Valve,108.0,,,,,"['Action', 'FPS', 'Multiplayer', 'Shooter', 'Sci-fi', 'First-Person', 'Classic', 'Remake', 'Violent', 'Adventure', 'Competitive', 'Fast-Paced', 'Atmospheric', 'Singleplayer', 'Horror', 'Gore', 'Arena Shooter', 'Retro']"
hand of fate 2,456670,Y,0,99,Very Positive,2017-11-07,5253,Defiant Development,109.0,27,1364,11,6690,"['RPG', 'Roguelike Deckbuilder', 'Card Game', 'Deckbuilding', 'Action', 'Roguelite', 'Action Roguelike', 'Indie', 'Singleplayer', 'Board Game', 'Fantasy', 'Roguelike', 'Dungeon Crawler', 'Hack and Slash', 'Choices Matter', 'Strategy', 'Third Person', 'Action RPG', 'Atmospheric', 'Female Protagonist']"
a hat in time,253230,Y,0,46,Overwhelmingly Positive,2017-10-05,42701,Gears for Breakfast,5.0,540,590,416,1266,"['Cute', '3D Platformer', 'Collectathon', 'Great Soundtrack', 'Funny', 'Female Protagonist', 'Adventure', 'Indie', 'Platformer', 'Colorful', 'Exploration', 'Third Person', 'Singleplayer', 'Co-op', 'Moddable', 'Open World', 'Comedy', 'Family Friendly', 'Action', 'Atmospheric']"
hearts of iron iv,394360,Y,0,293,Very Positive,2016-06-06,270895,Paradox Interactive,110.0,53,3215,25,79009,"['Strategy', 'World War II', 'Grand Strategy', 'War', 'Historical', 'Military', 'Alternate History', 'Multiplayer', 'Simulation', 'Tactical', 'Singleplayer', 'RTS', 'Real-Time with Pause', 'Diplomacy', 'Sandbox', 'Co-op', 'Strategy RPG', 'Open World', 'Competitive', 'Action']"
heat signature,268130,Y,0,70,Very Positive,2017-09-21,6826,Suspicious Developments,111.0,13,872,13,2273,"['Space', 'Stealth', 'Indie', 'Top-Down', 'Roguelike', 'Action', 'Strategy', 'Sci-fi', 'Procedural Generation', 'Real-Time with Pause', 'Roguelite', 'Singleplayer', 'Adventure', '2D', 'Tactical', 'Perma Death', 'Top-Down Shooter', 'Open World', 'Bullet Time', 'Action Roguelike']"
heavy bullets,297120,Y,0,17,Very Positive,2014-09-18,1259,Devolver Digital,112.0,13,440,1,1440,"['Indie', 'Action', 'FPS', 'Action Roguelike', 'Roguelike', 'Roguelite', 'Shooter', 'Singleplayer', 'First-Person', 'Difficult', 'Retro', 'Dungeon Crawler', 'Perma Death', 'Psychedelic', 'Horror', 'Colorful', 'Boomer Shooter', 'Procedural Generation', 'Bullet Hell', 'Adventure']"
helltaker,1289310,Y,7,10,Overwhelmingly Positive,2020-05-11,127701,vanripper,,,,,,"['Free to Play', 'Cute', 'Puzzle', 'Demons', 'Indie', 'Great Soundtrack', 'Anime', 'Singleplayer', 'Sexual Content', '2D', 'Short', 'Comedy', 'Difficult', 'Adventure', 'Dating Sim', 'Funny', 'Hentai', 'Rhythm', 'Visual Novel', 'Nudity']"
hitman 2,863550,Y,0,146,Very Positive,2018-11-13,74857,IO Interactive A/S,113.0,622,620,71,8034,"['Stealth', 'Assassins', 'Action', 'Singleplayer', 'Third Person', 'Multiplayer', 'Violent', 'Open World', 'Sandbox', 'Strategy', 'Gore', 'Puzzle', 'Shooter', 'Atmospheric', 'Third-Person Shooter', 'Co-op', 'Funny', 'Online Co-Op', 'Great Soundtrack', 'Nudity']"
hiveswap act 1,623940,Y,0,44,Very Positive,2017-09-14,3110,"What Pumpkin Games, Inc.",114.0,68,152,28,302,"['Adventure', 'Point & Click', 'Great Soundtrack', 'RPG', 'Indie', 'Memes', 'Female Protagonist', 'Aliens', 'Story Rich', 'Cute', '2D', 'Singleplayer', 'Puzzle', 'Atmospheric', 'Exploration', 'Sci-fi', 'Colorful', 'Family Friendly', 'Difficult', 'Psychological Horror']"
hollow knight,367520,Y,0,63,Overwhelmingly Positive,2017-02-24,493335,Team Cherry,115.0,2700,1693,2000,4207,"['Metroidvania', 'Platformer', 'Souls-like', 'Difficult', 'Great Soundtrack', '2D', 'Indie', 'Singleplayer', 'Exploration', 'Atmospheric', 'Adventure', 'Story Rich', 'Hand-drawn', 'Multiple Endings', 'Action', 'Dark Fantasy', 'Open World', 'Cute', 'Controller', 'Side Scroller']"
hotline miami,219150,Y,0,35,Overwhelmingly Positive,2012-10-23,107310,Devolver Digital,116.0,2300,328,537,953,"['Great Soundtrack', 'Violent', 'Action', 'Indie', 'Pixel Graphics', 'Top-Down', 'Gore', '1980s', 'Fast-Paced', 'Retro', 'Psychedelic', 'Difficult', 'Singleplayer', 'Surreal', 'Top-Down Shooter', '2D', 'Shooter', 'Addictive', 'Atmospheric', 'Music']"
hotline miami 2 wrong number,274170,Y,0,29,Very Positive,2015-03-10,68357,Devolver Digital,117.0,923,530,119,2172,"['Great Soundtrack', 'Gore', 'Pixel Graphics', 'Violent', 'Action', 'Fast-Paced', 'Difficult', 'Top-Down', 'Retro', 'Indie', '1980s', 'Singleplayer', 'Top-Down Shooter', 'Atmospheric', '2D', 'Shooter', 'Level Editor', 'Arcade', ""1990's"", 'Story Rich']"
house flipper,613100,Y,0,96,Very Positive,2018-05-17,91975,Frozen District,118.0,138,807,109,3471,"['Cleaning', 'Simulation', 'Design & Illustration', 'Singleplayer', 'Building', 'Multiplayer', 'Relaxing', 'Sandbox', 'Casual', 'Decorating', 'Immersive Sim', 'Education', 'First-Person', 'Organizing', 'Management', 'Economy', '3D', 'Family Friendly', 'Base Building', 'Realistic']"
initial drift online,1456200,Y,0,36,Mostly Positive,2023-03-30,3208,RewindApp,119.0,,,,,"['Racing', 'Open World', 'Immersive Sim', 'Combat Racing', 'Driving', 'Life Sim', 'Physics', 'PvP', 'Automobile Sim', 'MMORPG', 'First-Person', 'Action', 'Third Person', 'Relaxing', 'Simulation', 'Anime', 'Multiplayer', 'Atmospheric', 'Massively Multiplayer', ""1990's""]"
into the breach,590380,Y,0,70,Very Positive,2018-02-27,18736,Subset Games,120.0,429,370,117,3346,"['Strategy', 'Turn-Based Strategy', 'Indie', 'Pixel Graphics', 'Turn-Based Tactics', 'Mechs', 'Roguelike', 'Turn-Based', 'Puzzle', 'Roguelite', 'Sci-fi', 'Singleplayer', 'Tactical', 'Turn-Based Combat', 'Isometric', 'RPG', 'Replay Value', 'Procedural Generation', 'Simulation', 'Great Soundtrack']"
invisible inc.,243970,Y,0,23,Very Positive,2015-05-12,5062,Klei Entertainment,121.0,127,449,7,5085,"['Cyberpunk', 'Turn-Based Tactics', 'Difficult', 'Isometric', 'Strategy', 'Stealth', 'Tactical RPG', 'Roguelite', 'Sci-fi', 'Tactical', 'Turn-Based', 'Perma Death', 'Roguelike', 'Procedural Generation', 'Female Protagonist', 'Choices Matter', 'Turn-Based Strategy', 'Turn-Based Combat', 'Simulation', 'Singleplayer']"
the jackbox party pack 2,397460,Y,3,20,Overwhelmingly Positive,2015-10-13,1437,"Jackbox Games, Inc.",214.0,,,,,"['Trivia', 'Local Multiplayer', 'Casual', 'Comedy', 'Indie', 'Strategy', 'Party', 'Multiplayer', 'Funny', 'Party Game', 'Local Co-Op', 'Board Game', 'Co-op', 'Family Friendly', '4 Player Local']"
jet set radio,205950,Y,0,30,Very Positive,2012-09-19,8291,SEGA,122.0,234,409,39,1262,"['Great Soundtrack', 'Classic', 'Action', '3D Platformer', 'Singleplayer', 'Colorful', 'Platformer', 'Stylized', 'Arcade', 'Parkour', 'Third Person', 'Music', 'Controller', 'Skating', 'Retro', 'Atmospheric', 'Sports', 'Open World', 'Anime', 'Female Protagonist']"
katana zero,460950,Y,12,22,Overwhelmingly Positive,2019-04-18,65840,Devolver Digital,123.0,1500,289,173,945,"['Pixel Graphics', 'Action', 'Great Soundtrack', 'Story Rich', 'Platformer', 'Cyberpunk', '2D Platformer', 'Indie', 'Hack and Slash', '2D', 'Fast-Paced', 'Violent', 'Difficult', 'Singleplayer', 'Time Manipulation', 'Gore', 'Ninja', 'Retro', 'Noir', 'Sci-fi']"
killing floor 2,232090,Y,0,307,Very Positive,2016-11-18,86877,Tripwire Interactive,124.0,41,1054,42,9574,"['Gore', 'Zombies', 'Multiplayer', 'Online Co-Op', 'FPS', 'Post-apocalyptic', 'Hack and Slash', 'Shooter', 'Horror', 'Action', 'Moddable', 'Survival', 'First-Person', 'Co-op', 'Team-Based', 'Survival Horror', 'Atmospheric', 'PvE', 'Character Customization', 'Dark']"
kim jong-boom,711070,Y,5,100,Mixed,2017-10-01,25,azimuth team,125.0,1,24,4,68,"['Casual', 'Indie']"
left 4 dead,500,Y,0,73,Overwhelmingly Positive,2008-11-17,57523,Valve,126.0,494,414,46,3606,"['Zombies', 'Co-op', 'Multiplayer', 'FPS', 'Action', 'Horror', 'Shooter', 'Online Co-Op', 'Survival', 'Team-Based', 'First-Person', 'Post-apocalyptic', 'Singleplayer', 'Moddable', 'Atmospheric', 'Adventure', 'Tactical', 'Replay Value', 'Competitive', 'Female Protagonist']"
left 4 dead 2,550,Y,5,101,Overwhelmingly Positive,2009-11-19,804948,Valve,127.0,600,631,79,4353,"['Zombies', 'Co-op', 'FPS', 'Multiplayer', 'Shooter', 'Online Co-Op', 'Action', 'Survival', 'Horror', 'First-Person', 'Gore', 'Team-Based', 'Moddable', 'Survival Horror', 'Post-apocalyptic', 'Singleplayer', 'Adventure', 'Local Co-Op', 'Replay Value', 'Tactical']"
lethal company,1966720,N,,,Overwhelmingly Positive,2023-10-23,410566,Zeekerss,128.0,54,617,16,2493,"['Online Co-Op', 'Horror', 'First-Person', 'Co-op', 'Survival Horror', 'Funny', 'Exploration', 'Psychological Horror', 'Sci-fi', 'PvE', 'Atmospheric', 'Procedural Generation', 'Aliens', 'Time Management', 'Adventure', 'Dungeon Crawler', 'Action', 'Early Access', 'Action-Adventure', 'Perma Death']"
little nightmares,424840,Y,0,22,Very Positive,2017-04-27,51902,BANDAI NAMCO Entertainment,129.0,2300,218,301,568,"['Horror', 'Atmospheric', 'Adventure', 'Singleplayer', 'Puzzle Platformer', 'Dark', 'Puzzle', 'Indie', 'Story Rich', 'Stealth', 'Psychological Horror', 'Platformer', 'Great Soundtrack', '2.5D', 'Survival Horror', 'Third Person', 'Multiplayer', 'Female Protagonist', 'Short', 'Action']"
little nightmares enhanced edition,2149010,Y,0,22,Very Positive,2025-10-09,2619,Bandai Namco Entertainment,130.0,2300,218,301,568,"['Adventure', 'Puzzle', 'Platformer', 'Puzzle Platformer', '2.5D', 'Horror', 'Atmospheric', 'Dark', 'Third Person', 'Psychological Horror', 'Singleplayer', 'Stealth', 'Story Rich', 'Survival Horror', 'Female Protagonist', 'Short']"
long live santa!,763410,N,,,Very Positive,2017-12-19,3107,Doborog Games,,,,,,"['Free to Play', 'Multiplayer', 'Funny', 'Action', 'Indie', 'Fighting', 'Survival', 'Memes', 'Psychological Horror', 'Swordplay', 'Battle Royale', 'Voxel', 'Pixel Graphics', 'Gore', 'Combat', 'Violent', 'Great Soundtrack', 'Controller', 'Horror', 'Anime']"
lostwinds,447780,Y,0,11,Very Positive,2016-03-24,563,Frontier Developments,131.0,30,141,67,165,"['Adventure', 'Platformer', 'Singleplayer', 'Casual', 'Family Friendly', 'Metroidvania', 'Puzzle Platformer', 'Puzzle', 'Indie', 'Atmospheric', 'Great Soundtrack', 'Short', 'Cute', '2.5D', 'Side Scroller']"
machinarium,40700,Y,0,12,Very Positive,2009-10-16,17092,Amanita Design,132.0,478,313,452,331,"['Point & Click', 'Puzzle', 'Hand-drawn', 'Robots', 'Steampunk', '2D', 'Atmospheric', 'Story Rich', 'Adventure', 'Casual', 'Cute', 'Family Friendly', 'Surreal', 'Stylized', 'Sci-fi', 'Linear', 'Singleplayer', 'Indie', 'Great Soundtrack', 'Touch-Friendly']"
magicka,42910,Y,0,88,Very Positive,2011-01-25,19103,Paradox Interactive,133.0,252,648,24,2925,"['Comedy', 'Co-op', 'Action', 'Fantasy', 'Magic', 'Online Co-Op', 'Multiplayer', 'RPG', 'Adventure', 'Funny', 'Local Co-Op', '4 Player Local', 'Indie', 'Local Multiplayer', 'Singleplayer', 'Difficult', 'Team-Based', 'Action RPG', 'Arcade', 'Strategy']"
manual samuel last tuesday edition,504130,Y,0,36,Very Positive,2016-10-14,1512,Curve Games,,,,,,"['Dark Humor', 'Singleplayer', 'Local Co-Op', 'Adventure', 'Funny', 'Indie', 'Dark Comedy', 'Physics', 'Difficult', 'Comedy', '2D', 'Intentionally Awkward Controls', 'Cartoony', 'Multiplayer', 'Controller', 'Casual', 'Walking Simulator']"
manyland,342280,Y,11,20,Very Positive,2015-12-07,331,Anyland + Manyland,,,,,,"['Massively Multiplayer', 'Indie', 'Adventure', 'Action', 'Sandbox', 'Pixel Graphics', '2D', 'Open World']"
march of the eagles,227760,N,,,Mixed,2013-02-18,273,Paradox Interactive,136.0,1,209,,,"['Strategy', 'Simulation', 'Grand Strategy', 'Historical', 'Real-Time with Pause', 'Sandbox']"
mega man 11,742300,Y,0,50,Very Positive,2018-10-02,4183,"CAPCOM CO., LTD.",137.0,384,296,24,1183,"['Action', 'Platformer', 'Side Scroller', 'Classic', 'Difficult', 'Singleplayer', 'Robots', 'Great Soundtrack', '2.5D', '2D', 'Retro', 'Adventure', 'Anime', 'Shooter', 'Sci-fi', '2D Platformer', 'Action-Adventure', 'Cute', 'Colorful', 'Arcade']"
mega man legacy collection,363440,Y,0,24,Very Positive,2015-08-24,3758,Capcom,138.0,102,1030,20,2295,"['Platformer', 'Retro', 'Classic', 'Action', '2D', 'Pixel Graphics', 'Great Soundtrack', 'Difficult', 'Singleplayer', 'Side Scroller', 'Sci-fi', '1980s', 'Robots', ""1990's"", 'Remake', 'Shooter', 'Anime', 'Old School', 'Controller', '2D Platformer']"
mega man x legacy collection,743890,Y,0,52,Mostly Positive,2018-07-24,3955,"CAPCOM CO., LTD",,,,,,"['Action', 'Platformer', 'Classic', '2D', 'Retro', 'Great Soundtrack', 'Robots', 'Side Scroller', 'Singleplayer', 'Difficult', 'Anime', ""1990's"", 'Sci-fi', 'Shooter', 'Pixel Graphics', '2D Platformer', 'Story Rich', 'Metroidvania']"
the messenger,764790,Y,0,48,Very Positive,2018-08-30,10549,Devolver Digital,215.0,486,725,653,1009,"['Retro', 'Platformer', 'Pixel Graphics', 'Metroidvania', 'Ninja', '2D', 'Great Soundtrack', 'Indie', 'Action', '2D Platformer', 'Singleplayer', 'Funny', 'Action-Adventure', 'Difficult', 'Time Travel', 'Adventure', 'Side Scroller', 'Comedy', 'Beautiful', 'Epic']"
metal gear solid v ground zeroes,311340,Y,0,16,Very Positive,2014-12-18,13319,KONAMI,140.0,1900,117,309,1312,"['Stealth', 'Action', 'Tactical', 'Short', 'Singleplayer', 'Third Person', 'Story Rich', 'Cinematic', 'Open World', 'Replay Value', 'Atmospheric', 'Great Soundtrack', 'Adventure', 'Third-Person Shooter', 'Shooter', 'Sandbox', 'Classic', 'Cold War', 'Dark', 'Espionage']"
metal gear solid v the phantom pain,287700,Y,0,42,Very Positive,2015-09-01,72293,KONAMI,141.0,857,2783,505,10159,"['Stealth', 'Open World', 'Action', 'Story Rich', 'Tactical', 'Cinematic', 'Third Person', 'Great Soundtrack', 'Singleplayer', 'Atmospheric', 'Adventure', 'Horses', 'Third-Person Shooter', 'Multiplayer', 'Shooter', 'Replay Value', 'Sandbox', 'Dark', 'Sci-fi', 'Heist']"
metro 2033 redux,286690,Y,0,49,Very Positive,2014-08-27,92703,Deep Silver,142.0,2200,546,305,1468,"['Post-apocalyptic', 'FPS', 'Atmospheric', 'Story Rich', 'Horror', 'Action', 'Singleplayer', 'First-Person', 'Shooter', 'Stealth', 'Survival Horror', 'Based On A Novel', 'Multiplayer', 'Survival', 'Adventure', 'Remake', 'Gore', 'Classic', 'Open World', 'Co-op']"
metro last light redux,287390,Y,0,49,Very Positive,2014-08-27,69749,Deep Silver,143.0,1500,593,222,1703,"['Post-apocalyptic', 'FPS', 'Atmospheric', 'Action', 'Story Rich', 'Horror', 'Singleplayer', 'First-Person', 'Shooter', 'Stealth', 'Survival', 'Based On A Novel', 'Adventure', 'Survival Horror', 'Nudity', 'Remake', 'Sci-fi', 'Multiplayer', 'Difficult', 'Open World']"
mini metro,287980,Y,0,73,Overwhelmingly Positive,2015-11-06,12672,Dinosaur Polo Club,144.0,97,368,41,2743,"['Strategy', 'Puzzle', 'Minimalist', 'Simulation', 'Trains', 'Indie', 'Singleplayer', 'Casual', 'Management', '2D', 'Relaxing', 'Transportation', 'Building', 'Mouse Only', 'Touch-Friendly', 'Difficult', 'Great Soundtrack', 'Addictive', 'Replay Value', 'Top-Down']"
molek-syntez,1168880,Y,0,6,Very Positive,2019-11-19,517,Zachtronics,145.0,11,696,11,1566,"['Simulation', 'Puzzle', 'Programming', 'Indie', 'Singleplayer', 'Science', 'Automation', 'Logic']"
monster prom,743450,Y,7,52,Overwhelmingly Positive,2018-04-27,12219,Xelu,146.0,116,67,11,7746,"['Dating Sim', 'Comedy', 'LGBTQ+', 'Multiplayer', 'Choices Matter', 'Visual Novel', 'Funny', 'Indie', 'Vampires', 'Simulation', 'Sexual Content', 'Local Multiplayer', 'Fantasy', 'Story Rich', 'Demons', 'Online Co-Op', 'Nudity', 'Zombies', 'Great Soundtrack', 'Life Sim']"
monster prom 2 monster camp,1140270,Y,0,49,Overwhelmingly Positive,2020-10-23,4979,Beautiful Glitch,147.0,32,82,,,"['Dating Sim', 'LGBTQ+', 'Multiplayer', 'Comedy', 'Indie', 'Multiple Endings', 'Online Co-Op', 'Visual Novel', 'Casual', 'Funny', 'Singleplayer', 'Text-Based', 'Dark Comedy', 'Romance', '2D', 'Fantasy', 'Choose Your Own Adventure', 'Story Rich', 'Sequel', 'Simulation']"
a mortician's tale,578720,Y,0,3,Mostly Positive,2017-10-18,762,Laundry Bear Games,6.0,104,57,152,78,"['Indie', 'Casual', 'Female Protagonist', 'Short', 'Singleplayer', 'Point & Click', 'Dark', 'LGBTQ+', 'Visual Novel', 'Story Rich', 'Relaxing', 'Atmospheric', 'Silent Protagonist', 'Experimental', 'Cute', 'Colorful', 'Stylized', 'Walking Simulator', 'Great Soundtrack', 'Interactive Fiction']"
mother russia bleeds,361300,Y,0,33,Very Positive,2016-09-05,4326,Devolver Digital,148.0,105,264,2,792,"[""Beat 'em up"", 'Gore', 'Violent', 'Action', 'Pixel Graphics', 'Great Soundtrack', 'Indie', 'Co-op', 'Local Co-Op', '2D', 'Retro', 'Atmospheric', 'Multiplayer', '4 Player Local', 'Difficult', 'Psychological Horror', 'Female Protagonist', 'Nudity', 'Sexual Content', 'Memes']"
mr shifty,489140,Y,0,14,Very Positive,2017-04-13,852,tinyBuild,149.0,137,246,21,543,"['Action', 'Indie', 'Adventure', 'Top-Down', ""Beat 'em up"", 'Singleplayer', 'Fast-Paced', 'Great Soundtrack', 'Difficult', 'Bullet Time', 'Superhero', 'Comic Book', 'Assassins', 'Destruction', 'Arcade', 'Time Attack', 'Heist', 'Action-Adventure', 'Character Action Game', 'Top-Down Shooter']"
mr.jezko,796640,Y,0,1113,Mixed,2018-02-21,41,EasyGames,150.0,,,3,64,"['Adventure', 'Indie', 'Casual']"
my friend pedro,557340,Y,0,30,Overwhelmingly Positive,2019-06-20,24439,Devolver Digital,151.0,973,250,60,610,"['Action', 'Indie', 'Shooter', 'Gore', 'Parkour', 'Bullet Time', 'Violent', 'Great Soundtrack', 'Singleplayer', 'Side Scroller', 'Platformer', 'Fast-Paced', 'Funny', 'Comedy', '2D', '2.5D', 'Physics', 'Controller', 'Multiplayer', 'Difficult']"
nier:automata ,524220,Y,0,47,Very Positive,2017-03-17,113940,Square Enix,,,,,,"['Hack and Slash', 'RPG', 'Great Soundtrack', 'Story Rich', 'Female Protagonist', 'Action', 'Spectacle fighter', 'Open World', 'JRPG', 'Anime', 'Post-apocalyptic', 'Singleplayer', 'Robots', 'Atmospheric', 'Sci-fi', 'Nudity', 'Adventure', 'Bullet Hell', 'Character Action Game', 'Violent']"
no lights,682910,Y,0,27,Mixed,2017-08-07,49,EasyGames,153.0,,,,,"['Action', 'Pixel Graphics', 'Indie']"
not a hero,274270,Y,0,17,Very Positive,2016-07-08,1630,Devolver Digital,154.0,37,309,32,636,"['Pixel Graphics', 'Action', 'Indie', 'Comedy', 'Adventure', 'Shooter', 'Gore', '2D', 'Funny', 'Political', 'Great Soundtrack', 'Singleplayer', 'Violent', 'Platformer', 'Difficult', 'Fast-Paced', ""Shoot 'Em Up"", 'Retro', 'Multiplayer']"
okhlos omega,400180,Y,0,38,Mostly Positive,2016-08-18,631,Devolver Digital,155.0,7,287,,,"['Action Roguelike', 'Action', 'Indie', 'Comedy', 'Mythology', 'Singleplayer', 'Roguelike', '2.5D', 'Strategy', 'Arcade', 'Pixel Graphics', 'Roguelite', 'Procedural Generation', 'Historical', 'Violent', 'Difficult', 'Retro', 'Perma Death', 'Real Time Tactics', 'Funny']"
olliolli,274250,Y,0,12,Very Positive,2014-07-22,420,Devolver Digital,156.0,64,232,18,857,"['Skateboarding', 'Indie', 'Sports', '2D', 'Pixel Graphics', 'Platformer', 'Singleplayer', 'Great Soundtrack', 'Arcade', 'Action', 'Skating', 'Difficult', 'Casual']"
olliolli2 welcome to olliwood,365660,Y,0,27,Very Positive,2015-08-11,432,Devolver Digital,157.0,41,207,8,1891,"['Skateboarding', 'Indie', 'Sports', 'Action', 'Great Soundtrack', '4 Player Local', 'Local Multiplayer', 'Local Co-Op', 'Difficult', 'Skating', 'Singleplayer', '2D', 'Platformer']"
omnibus,415740,Y,0,37,Very Positive,2016-05-26,485,Devolver Digital,158.0,14,209,1,996,"['Indie', 'Racing', 'Action', 'Adventure', 'Simulation', 'Casual', 'Physics', 'Funny', 'Automobile Sim', 'Difficult', 'Multiplayer', 'Driving', 'Local Multiplayer', 'Psychological Horror', 'Destruction']"
opus magnum,558990,Y,0,6,Overwhelmingly Positive,2017-12-07,5803,Zachtronics,159.0,75,947,24,2948,"['Puzzle', 'Programming', 'Automation', 'Indie', 'Simulation', 'Logic', 'Singleplayer', 'Steampunk', 'Great Soundtrack', 'Difficult', 'Building', '2D', 'Sandbox', 'Hex Grid', 'Casual']"
oxygen not included,457140,Y,1,51,Overwhelmingly Positive,2019-07-30,134010,Klei Entertainment,160.0,26,6577,3,29798,"['Colony Sim', 'Base Building', 'Survival', 'Resource Management', 'Building', 'Singleplayer', 'Management', '2D', 'Sandbox', 'Simulation', 'Strategy', 'Space', 'Indie', 'Sci-fi', 'Difficult', 'Exploration', 'Open World', 'Multiplayer', 'Adventure', 'Space Sim']"
pac-man championship edition 2,441380,Y,0,18,Mostly Positive,2016-09-13,564,BANDAI NAMCO Entertainment,161.0,25,287,9,1024,"['Casual', 'Arcade', 'Retro', 'Classic', 'Great Soundtrack', 'Singleplayer', 'Difficult', 'Fast-Paced', 'Score Attack', 'Action']"
paladins,444090,Y,17,58,Very Positive,2018-05-08,345423,Hi-Rez Studios,,,,,,"['Hero Shooter', 'Free to Play', 'Multiplayer', 'FPS', 'Shooter', 'Action', 'Team-Based', 'First-Person', 'PvP', 'MOBA', 'Online Co-Op', 'Fantasy', 'Controller', 'Strategy', 'Co-op', 'Character Customization', 'Massively Multiplayer', 'Colorful', 'Adventure', 'Funny']"
paper fire rookie,698790,Y,0,18,Positive,2018-09-19,30,Ultimerse,162.0,,,,,"['VR', 'Action', 'Adventure', 'Casual', 'Simulation', 'Indie', 'Funny', 'Comedy', 'Cartoon', 'First-Person', 'Colorful', '6DOF', 'Family Friendly', 'Arcade', 'Singleplayer', '3D', 'Satire', ""Shoot 'Em Up""]"
party hard,356570,Y,0,27,Very Positive,2015-08-25,9659,tinyBuild,163.0,160,386,83,916,"['Pixel Graphics', 'Stealth', 'Strategy', 'Violent', 'Indie', 'Villain Protagonist', 'Action', 'Gore', 'Great Soundtrack', 'Singleplayer', 'Dark Humor', '2D', 'Crime', 'Retro', 'Difficult', 'Top-Down', 'Funny', 'Horror', 'Story Rich', 'Comedy']"
pikuniku,572890,Y,0,14,Overwhelmingly Positive,2019-01-24,9841,Devolver Digital,164.0,361,193,102,421,"['Indie', 'Casual', 'Adventure', 'Puzzle', 'Multiplayer', 'Cute', 'Co-op', 'Funny', 'Action', '2D', 'Platformer', 'Family Friendly', 'Local Co-Op', 'Great Soundtrack', 'Comedy', 'Colorful', 'Puzzle Platformer', 'Singleplayer', 'Dystopian', 'Exploration']"
planet coaster,493340,Y,0,32,Very Positive,2016-11-17,59280,Frontier Developments,165.0,34,1685,39,5257,"['Simulation', 'Building', 'Management', 'Sandbox', 'Family Friendly', 'Relaxing', 'Strategy', 'Singleplayer', 'Economy', 'Realistic', 'Funny', 'Great Soundtrack', 'Atmospheric', 'Colorful', 'Third Person', 'City Builder', 'Casual', 'Multiplayer', '3D', 'God Game']"
poly bridge,367450,Y,0,22,Very Positive,2016-07-12,16791,Dry Cactus,166.0,8,657,22,2256,"['Building', 'Physics', 'Simulation', 'Puzzle', 'Singleplayer', 'Sandbox', 'Difficult', 'Indie', 'Family Friendly', 'Funny', 'Level Editor', 'Education', 'Great Soundtrack', 'Crafting', 'Cartoon', 'Colorful', 'Cute', 'Stylized', 'Strategy', 'Choices Matter']"
portal,400,Y,0,15,Overwhelmingly Positive,2007-10-10,171312,Valve,167.0,8100,194,1100,655,"['Puzzle', 'Puzzle Platformer', 'First-Person', '3D Platformer', 'Singleplayer', 'Sci-fi', 'Comedy', 'Female Protagonist', 'Physics', 'Funny', 'Action', 'Classic', 'Story Rich', 'Platformer', 'Science', 'Atmospheric', 'Dark Humor', 'Short', 'FPS', 'Adventure']"
portal 2,620,Y,0,51,Overwhelmingly Positive,2011-04-18,387087,Valve,168.0,5700,530,745,1444,"['Singleplayer', 'Platformer', 'Puzzle', 'First-Person', 'Dark Humor', 'Story Rich', 'Puzzle Platformer', 'Funny', 'Female Protagonist', '3D Platformer', 'Action-Adventure', 'Co-op', 'Action', 'FPS', 'Physics', 'Sci-fi', 'Level Editor', 'Science', 'Comedy', 'Atmospheric']"
psychonauts,3830,Y,0,37,Overwhelmingly Positive,2005-04-19,12128,Double Fine Productions,169.0,754,721,422,1332,"['Platformer', 'Comedy', 'Adventure', 'Singleplayer', 'Action', 'Funny', '3D Platformer', 'Third Person', 'Classic', 'Story Rich', 'Psychological', 'Great Soundtrack', 'Surreal', 'Cartoony', 'Collectathon', 'Exploration', 'Action-Adventure', '3D', 'Indie', 'Psychedelic']"
pyre,462770,Y,0,51,Very Positive,2017-07-25,8370,Supergiant Games,170.0,303,682,93,1317,"['Indie', 'RPG', 'Great Soundtrack', 'Story Rich', 'Action', 'Visual Novel', 'Atmospheric', 'Fantasy', 'Hand-drawn', 'Choices Matter', 'Singleplayer', 'Colorful', 'Adventure', 'Party-Based RPG', 'Local Multiplayer', 'Lore-Rich', 'Multiple Endings', 'Interactive Fiction', 'Stylized', 'Music']"
quest of dungeons,270050,Y,0,25,Mostly Positive,2014-03-25,478,David Amador,171.0,11,149,2,2394,"['Traditional Roguelike', 'Turn-Based Tactics', 'Dungeon Crawler', 'Casual', 'Exploration', 'Perma Death', 'Difficult', 'Turn-Based', 'Survival', 'Roguelike', 'RPG', '2D', 'Top-Down', 'Funny', 'Procedural Generation', 'Pixel Graphics', 'Assassins', 'Fantasy', 'Class-Based', 'Adventure']"
quiplash,351510,Y,0,10,Very Positive,2015-06-30,992,"Jackbox Games, Inc.",172.0,,,,,"['Casual', 'Multiplayer', 'Comedy', 'Indie', 'Strategy', 'Co-op', 'Local Multiplayer', 'Party Game', 'Family Friendly', 'Party', 'Funny', 'Board Game', 'Trivia']"
rebuild 3 gangs of deadsville,257170,Y,0,42,Very Positive,2015-05-29,1479,Northway Games,173.0,5,1855,1,2460,"['Colony Sim', 'Survival', '4X', 'Strategy', 'Post-apocalyptic', 'RPG', 'City Builder', 'Zombies', 'Choices Matter', 'Turn-Based Strategy', 'Base Building', 'Building', 'Sandbox', 'Management', 'Simulation', 'Story Rich', 'Outbreak Sim', 'Survival Horror', '2D', 'Real-Time with Pause']"
the red strings club,589780,Y,0,19,Very Positive,2018-01-22,12626,Devolver Digital,216.0,340,240,71,438,"['Cyberpunk', 'Pixel Graphics', 'Story Rich', 'Choices Matter', 'Great Soundtrack', 'Atmospheric', 'Indie', 'Adventure', 'LGBTQ+', 'Point & Click', 'Singleplayer', 'Visual Novel', 'Sci-fi', '2D', 'Nudity', 'Dystopian', 'Philosophical', 'Violent', 'Puzzle', 'Retro']"
regular human basketball,661940,Y,0,20,Very Positive,2018-08-01,221,Powerhoof,174.0,,,,,"['Mechs', 'Basketball', 'Funny', 'Party Game', 'Local Multiplayer', 'Multiplayer', 'Sports', 'Comedy', 'Indie', 'Local Co-Op', 'Online Co-Op', '4 Player Local', 'Competitive', 'Transhumanism', 'Controller', 'Action', 'Platformer', '2D Platformer', 'Split Screen', '2D']"
resident evil,304240,Y,0,44,Very Positive,2015-01-19,26634,"CAPCOM Co., Ltd.",,,,,,"['Survival Horror', 'Zombies', 'Horror', 'Classic', 'Remake', 'Atmospheric', 'Singleplayer', 'Puzzle', 'Survival', 'Adventure', 'Third Person', 'Action', 'Female Protagonist', 'Story Rich', 'Difficult', 'Gore', 'Shooter', 'Great Soundtrack', 'Third-Person Shooter', 'Co-op']"
resident evil 0,339340,Y,0,47,Mostly Positive,2016-01-19,13962,"CAPCOM Co., Ltd.",,,,,,"['Horror', 'Zombies', 'Survival Horror', 'Adventure', 'Classic', 'Action', 'Singleplayer', 'Remake', 'Third Person', 'Atmospheric', 'Survival', 'Female Protagonist', 'Puzzle', 'Story Rich', 'Difficult', 'Gore', 'Third-Person Shooter', 'Multiplayer', 'Great Soundtrack', 'Shooter']"
resident evil revelations,222480,Y,0,50,Mostly Positive,2013-05-20,11407,Capcom,177.0,1300,509,61,2463,"['Horror', 'Action', 'Zombies', 'Survival Horror', 'Third-Person Shooter', 'Adventure', 'Co-op', 'Female Protagonist', 'Third Person', 'Singleplayer', 'Online Co-Op', 'Multiplayer', 'Survival', 'Atmospheric', 'Shooter', 'Gore', 'Sci-fi', 'Great Soundtrack', 'Story Rich', 'Controller']"
resident evil revelations 2,287290,Y,0,43,Mostly Positive,2015-02-24,25146,"CAPCOM Co., Ltd.",178.0,602,629,38,2223,"['Zombies', 'Horror', 'Multiplayer', 'Survival Horror', 'Action', 'Co-op', 'Adventure', 'Third-Person Shooter', 'Survival', 'Female Protagonist', 'Singleplayer', 'Local Co-Op', 'Gore', 'Third Person', 'Episodic', 'Atmospheric', 'Online Co-Op', 'Story Rich', 'Shooter', 'Action RPG']"
reventure,900270,Y,0,101,Very Positive,2019-06-04,8427,Pixelatto,179.0,44,396,155,763,"['Adventure', 'Indie', 'Pixel Graphics', 'Multiple Endings', 'Comedy', '2D', 'Platformer', 'Singleplayer', 'Dark Humor', 'Exploration', 'Choose Your Own Adventure', 'Nonlinear', 'Retro', 'Metroidvania', 'Violent', 'Puzzle Platformer', 'Choices Matter', 'Dark Comedy', 'Great Soundtrack', 'Mystery Dungeon']"
rise of industry,671440,Y,0,27,Mostly Positive,2019-05-02,3114,Kasedo Games,180.0,10,1203,4,3480,"['Management', 'Strategy', 'Economy', 'Simulation', 'City Builder', 'Resource Management', 'Indie', 'Base Building', 'Trading', 'Building', 'Singleplayer', 'Sandbox', 'Automation', 'Isometric', 'Capitalism', 'RTS', 'Transportation', 'Level Editor', 'Trains', 'Farming']"
rising dusk,848930,Y,0,20,Positive,2018-07-26,44,Studio Stobie,,,,,,"['Indie', 'Platformer', 'Puzzle Platformer', 'Female Protagonist', 'Pixel Graphics', 'Cute']"
risk of rain 2,632360,Y,0,171,Overwhelmingly Positive,2020-08-11,238141,Gearbox Publishing,181.0,280,691,160,9587,"['Third-Person Shooter', 'Action Roguelike', 'Multiplayer', 'Co-op', 'Roguelite', 'Roguelike', 'Action', 'Looter Shooter', 'Loot', 'Online Co-Op', 'Shooter', 'Great Soundtrack', 'Difficult', 'Indie', 'Third Person', 'Survival', 'Singleplayer', 'Soundtrack', 'Early Access', 'Bullet Hell']"
ronin,274230,Y,0,8,Mostly Positive,2015-06-30,1599,Devolver Digital,182.0,25,359,21,726,"['Indie', 'Action', 'Ninja', 'Turn-Based', 'Platformer', 'Stealth', '2D', 'Female Protagonist', 'Turn-Based Combat', 'Turn-Based Tactics', 'Singleplayer', 'Difficult', 'Cyberpunk', 'Great Soundtrack', 'Puzzle', 'Pixel Graphics']"
rpg maker xp,235900,N,,,Very Positive,2005-09-16,1171,Gotcha Gotcha Games,183.0,2,553,,,"['Game Development', 'RPG', 'Design & Illustration', 'Software', 'Anime', 'JRPG', 'Education', 'Utilities']"
sakura beach 2,407980,N,,,Mostly Positive,2015-11-06,252,Winged Cloud,184.0,18,135,24,200,"['Nudity', 'Anime', 'Visual Novel', 'Indie', 'Casual', 'Sexual Content', 'Dating Sim', 'Singleplayer', 'Hentai']"
sakura fantasy chapter 1,375200,N,,,Very Positive,2015-05-29,705,Winged Cloud,185.0,25,197,21,266,"['Nudity', 'Anime', 'Visual Novel', 'Female Protagonist', 'Indie', 'Fantasy', 'Sexual Content', 'Casual', 'Cute', 'Hentai', 'Singleplayer', 'LGBTQ+', 'Romance', 'Story Rich']"
salt,327860,Y,0,29,Mostly Positive,2018-02-06,1954,Lavaboots Studios,186.0,,,,,"['Open World Survival Craft', 'Open World', 'Survival', 'Adventure', 'Crafting', 'Exploration', 'Pirates', 'Multiplayer', 'Sandbox', 'First-Person', 'Singleplayer', 'Indie', 'RPG', 'Action', 'Sailing', 'Naval', 'Procedural Generation', 'Early Access', 'Atmospheric', 'Walking Simulator']"
satellite reign,268870,Y,0,40,Mostly Positive,2015-08-28,2598,5 Lives Studios,187.0,18,1293,7,2353,"['Cyberpunk', 'Strategy', 'Action', 'Sci-fi', 'Indie', 'Tactical', 'Real-Time', 'Stealth', 'Open World', 'Co-op', 'Isometric', 'Top-Down', 'Class-Based', 'Singleplayer', 'RPG', 'RTS', 'Multiplayer', 'Atmospheric', 'Great Soundtrack', 'Real Time Tactics']"
sekiro shadows die twice,814380,Y,16,34,Very Positive,2019-03-21,256300,Activision (Excluding Japan and Asia),188.0,1200,1831,1400,4313,"['Souls-like', 'Difficult', 'Action', 'Singleplayer', 'Ninja', 'Stealth', 'Adventure', 'Third Person', 'Open World', 'Story Rich', 'Assassins', 'Violent', 'Atmospheric', 'Hack and Slash', 'Dark Fantasy', 'RPG', 'Gore', 'Great Soundtrack', 'Rhythm', 'Dark']"
sengoku,73210,N,,,Mixed,2011-09-15,378,Paradox Interactive,189.0,2,1954,,,"['Strategy', 'Simulation', 'Grand Strategy', 'Historical', 'RPG', 'Medieval', 'Real-Time with Pause', 'Multiplayer', 'Singleplayer', 'Samurai']"
shovel knight specter of torment,589510,Y,1,20,Very Positive,2017-04-05,450,Yacht Club Games,190.0,247,275,64,483,"['Action', 'Indie', 'Adventure', 'Platformer', 'Pixel Graphics', '2D', 'Retro', 'Singleplayer', 'Great Soundtrack', 'Side Scroller', 'Metroidvania', 'Difficult']"
silent hill homecoming,19000,N,,,Mixed,2009-03-02,2592,KONAMI,191.0,148,579,26,1061,"['Horror', 'Adventure', 'Survival Horror', 'Psychological Horror', 'Gore', 'Third Person', 'Story Rich', 'Atmospheric', 'Violent', 'Singleplayer', 'Great Soundtrack', 'Dark', 'Survival', 'Action', 'Multiplayer', 'Third-Person Shooter', 'Lovecraftian', 'Controller', 'RPG', 'Puzzle']"
slay the spire,646570,Y,38,46,Overwhelmingly Positive,2019-01-23,189528,Mega Crit,192.0,737,797,182,11983,"['Roguelike Deckbuilder', 'Card Game', 'Card Battler', 'Roguelike', 'Deckbuilding', 'Turn-Based', 'Strategy', 'Singleplayer', 'Roguelite', 'Replay Value', 'Indie', 'Difficult', 'Dungeon Crawler', 'Mouse Only', 'RPG', '2D', 'Fantasy', 'Procedural Generation', 'Great Soundtrack', 'Casual']"
slay the spire 2,2868840,N,,,Very Positive,2026-03-05,172980,Mega Crit,193.0,52,669,12,6374,"['Roguelike', 'Card Game', 'Deckbuilding', 'Co-op', 'Strategy', 'Roguelike Deckbuilder', 'Political', 'Multiplayer', 'Turn-Based Combat', 'Card Battler', 'Indie', 'Difficult', 'Roguelite', 'Early Access', '2D', 'Singleplayer', 'Replay Value', 'Dungeon Crawler', 'Fantasy', 'Procedural Generation']"
sniper elite 3,238090,Y,0,77,Mostly Positive,2014-06-27,21302,Rebellion,,,,,,"['Sniper', 'Action', 'Stealth', 'Multiplayer', 'World War II', 'Co-op', 'Shooter', 'Adventure', 'Third-Person Shooter', 'Singleplayer', 'Tactical', 'War', 'Third Person', 'Gore', 'Online Co-Op', 'Open World', 'FPS', 'Strategy', 'Atmospheric', 'Simulation']"
spacechem,92800,Y,0,20,Overwhelmingly Positive,2011-03-02,2617,Zachtronics,195.0,17,2552,20,4358,"['Puzzle', 'Difficult', 'Programming', 'Indie', 'Logic', 'Singleplayer', 'Automation', 'Sci-fi', 'Great Soundtrack', 'Science', '2D', 'Space', 'Simulation', 'Casual', 'Education', 'Addictive', 'Strategy', 'Touch-Friendly', 'Building']"
speed brawl,468670,Y,0,59,Mostly Positive,2018-09-18,81,Double Stallion,196.0,5,452,1,360,"['Co-op', 'Female Protagonist', 'Online Co-Op', 'Spectacle fighter', 'Co-op Campaign', 'Local Co-Op', 'Fast-Paced', ""Beat 'em up"", 'Side Scroller', 'Local Multiplayer', 'Character Customization', 'Anime', 'Indie', 'Combat', 'Steampunk', 'Multiplayer', 'Fighting', '2D Platformer', 'Action', 'Singleplayer']"
splitgate,677620,Y,2,30,Very Positive,2019-05-24,110655,1047 Games,,,,,,"['Free to Play', 'FPS', 'Multiplayer', 'Arena Shooter', 'Shooter', 'Action', 'Fast-Paced', 'PvP', 'First-Person', 'Competitive', 'Sci-fi', 'Indie', 'Team-Based', 'eSports', 'Tactical', 'Strategy', 'Online Co-Op', 'Physics', 'Co-op', 'Violent']"
stealth inc 2,329380,Y,0,12,Mostly Positive,2015-04-30,122,Curve Games,,,,,,"['Indie', 'Action', 'Stealth', 'Platformer', 'Adventure', 'Puzzle', 'Puzzle Platformer', 'Singleplayer', 'Metroidvania', '2D', 'Side Scroller']"
stellaris,281990,Y,0,219,Very Positive,2016-05-09,138751,Paradox Interactive,198.0,59,2100,16,31708,"['Space', 'Strategy', 'Grand Strategy', 'Sci-fi', '4X', 'Exploration', 'Sandbox', 'Simulation', 'Multiplayer', 'Real-Time with Pause', 'Singleplayer', 'Moddable', 'Management', 'Diplomacy', 'Military', 'Futuristic', 'Replay Value', 'Great Soundtrack', 'Procedural Generation', 'Atmospheric']"
stick fight the game,674940,Y,0,28,Very Positive,2017-09-28,99724,Landfall,199.0,,,,,"['Multiplayer', 'Funny', 'Fighting', 'Local Multiplayer', 'Action', '2D Fighter', '4 Player Local', 'PvP', '2D', 'Physics', 'Casual', 'Online Co-Op', 'Local Co-Op', 'Indie', 'Shooter', 'Controller', 'Co-op', 'Split Screen', 'Great Soundtrack', 'Strategy']"
the stillness of the wind,828900,N,,,Mostly Positive,2019-02-07,1351,Fellow Traveller,217.0,52,194,12,230,"['Indie', 'Adventure', 'Atmospheric', 'Story Rich', 'Female Protagonist', 'Agriculture', 'Singleplayer', 'Beautiful', 'Point & Click', 'Simulation', 'Emotional', 'Casual', 'Psychological', 'Exploration', 'Great Soundtrack', 'Dystopian', 'Farming', 'Cozy', 'Psychological Horror']"
stonemachia,2982610,Y,8,30,Overwhelmingly Positive,2026-05-26,1004,Crossfall Games,200.0,4,607,1,1105,"['Souls-like', 'Hack and Slash', 'Atmospheric', 'Spectacle fighter', 'God Game', 'Mythology', 'Surreal', 'Medieval', 'Dark', 'Swordplay', '3D', 'Fantasy', 'Controller', 'Mystery Dungeon', 'Hidden Object', 'Action', 'Exploration', 'Adventure', 'Action-Adventure', 'Singleplayer']"
stories the path of destinies,439190,Y,0,37,Very Positive,2016-04-12,1932,Spearhead Games,201.0,198,324,105,1220,"['Adventure', 'RPG', 'Action', 'Choices Matter', 'Indie', 'Fantasy', 'Dynamic Narration', 'Hack and Slash', 'Multiple Endings', 'Action RPG', 'Singleplayer', 'Colorful', 'Swordplay', 'Great Soundtrack', 'Story Rich', 'Isometric', 'Funny', 'Foxes', 'Action-Adventure', 'Comedy']"
street fighter 30th anniversary collection,586200,Y,0,17,Mixed,2018-05-29,2276,"Capcom U.S.A, Inc.",202.0,18,430,7,1558,"['Fighting', '2D Fighter', 'Action', 'Arcade', 'Classic', 'Multiplayer', 'Retro', '2D', 'Local Multiplayer', 'Anime', 'Singleplayer', 'Pixel Graphics', 'Nudity', ""1990's"", '1980s', 'Horror']"
strider,235210,Y,0,30,Very Positive,2014-02-19,2157,Capcom,203.0,228,336,55,878,"['Platformer', 'Metroidvania', 'Action', 'Ninja', 'Side Scroller', 'Hack and Slash', 'Reboot', '2.5D', 'Arcade', 'Adventure', 'Retro', 'Classic', 'Remake', 'Singleplayer', 'Fast-Paced', 'Sci-fi', 'Controller', '2D', 'Anime', 'Cyberpunk']"
the suicide of rachel foster,1057750,Y,0,11,Mixed,2020-02-19,5270,Daedalic Entertainment,218.0,163,215,155,265,"['Walking Simulator', 'Mystery', 'Atmospheric', 'Adventure', 'Thriller', 'Exploration', 'Story Rich', 'Dark', 'Female Protagonist', 'Singleplayer', 'First-Person', 'Short', 'Psychological', 'Open World', 'Realistic', ""1990's"", 'Casual', 'Indie', 'Horror', 'Great Soundtrack']"
super hexagon,221640,Y,0,6,Overwhelmingly Positive,2012-11-27,18307,Terry Cavanagh,204.0,87,361,129,1158,"['Difficult', 'Great Soundtrack', 'Indie', 'Fast-Paced', 'Arcade', 'Addictive', 'Rhythm', 'Singleplayer', 'Minimalist', 'Action', 'Score Attack', 'Music', '2D', 'Psychedelic', 'Colorful', 'Casual', 'Replay Value', 'Controller', 'Puzzle', 'Soundtrack']"
super time force ultra,250700,Y,0,33,Very Positive,2014-08-25,678,Capybara Games,205.0,48,272,14,952,"['Side Scroller', 'Time Manipulation', 'Bullet Hell', '2D Platformer', 'Pixel Graphics', ""Shoot 'Em Up"", 'Puzzle Platformer', 'PvE', 'Difficult', 'Platformer', 'Shooter', 'Arcade', 'Action-Adventure', 'Strategy', '2D', 'Funny', 'Puzzle', 'Dinosaurs', 'Parody', 'Retro']"
superhot,322500,Y,0,26,Very Positive,2016-02-25,27612,SUPERHOT Team,206.0,2100,150,144,1200,"['Action', 'FPS', 'Bullet Time', 'Time Manipulation', 'Indie', 'Singleplayer', 'First-Person', 'Shooter', 'Puzzle', 'Minimalist', 'Short', 'Difficult', 'Cyberpunk', 'Fast-Paced', 'Violent', 'Sci-fi', 'Casual', 'Gore', 'Adventure', 'Story Rich']"
superhot mind control delete,690040,Y,0,14,Very Positive,2020-07-16,9193,SUPERHOT Team,207.0,116,444,193,905,"['FPS', 'Time Manipulation', 'Bullet Time', 'Action Roguelike', 'Shooter', 'Action', 'Difficult', 'Experimental', 'Minimalist', 'First-Person', 'Puzzle', 'Stylized', 'Dystopian', 'Atmospheric', 'Cyberpunk', 'Beautiful', 'Singleplayer', 'Transhumanism', 'Cinematic', 'Old School']"
sven co-op,225840,N,,,Very Positive,1999-01-19,32361,Sven Co-op team,,,,,,"['Co-op', 'FPS', 'Online Co-Op', 'Shooter', ""1990's"", ""Shoot 'Em Up"", 'Retro', 'Team-Based', 'Casual', 'Free to Play', 'PvE', 'First-Person', '3D', 'Third Person', 'Action', 'Dialogue Heavy', 'Puzzle', 'Survival', 'Moddable', 'Multiplayer']"
the swindle,369110,Y,0,15,Mixed,2015-07-28,501,Size Five Games,219.0,9,612,,,"['Crime', 'Indie', 'Action', 'Stealth', 'Heist', 'Steampunk', 'RPG', 'Platformer', 'Action Roguelike', '2D', 'Roguelike', 'Procedural Generation', 'Roguelite', 'Great Soundtrack', 'Cyberpunk']"
terraria,105600,Y,114,137,Overwhelmingly Positive,2011-05-16,1224771,Re-Logic,208.0,702,3209,675,13916,"['Open World Survival Craft', 'Sandbox', 'Survival', '2D', 'Multiplayer', 'Pixel Graphics', 'Adventure', 'Crafting', 'Building', 'Exploration', 'Co-op', 'Open World', 'Indie', 'Online Co-Op', 'Action', 'RPG', 'Singleplayer', 'Replay Value', 'Platformer', 'Atmospheric']"
territory idle,1017100,Y,6,100,Mostly Positive,2019-09-10,1709,Aleksandr Golovkin,,,,,,"['Incremental', 'Idler', 'Free to Play', 'Strategy', 'Indie', 'Singleplayer', 'Retro', 'Pixel Graphics', 'Early Access', '2D']"
thief,239160,Y,0,37,Mixed,2014-02-27,17285,Eidos Interactive Corp.,222.0,390,685,78,2817,"['Stealth', 'Action', 'First-Person', 'Adventure', 'Singleplayer', 'Dark', 'Reboot', 'Steampunk', 'Atmospheric', 'Horror', 'Parkour', 'Assassins', 'Open World', 'Heist', 'Medieval', 'Nudity', 'RPG', 'Fantasy', 'FPS', 'Remake']"
think of the children,573600,Y,0,27,Mixed,2017-10-19,104,Surprise Attack,,,,,,"['Action', '4 Player Local', 'Co-op', 'Local Co-Op', 'Multiplayer', 'Local Multiplayer', 'Funny', 'Indie', 'Adventure', 'Fast-Paced', 'Difficult']"
this is the police,443810,Y,0,10,Mostly Positive,2016-08-02,9083,THQ Nordic,224.0,94,1192,25,2088,"['Strategy', 'Management', 'Story Rich', 'Crime', 'Choices Matter', 'Singleplayer', 'Indie', 'Simulation', 'Detective', 'Noir', 'Atmospheric', 'Adventure', 'Great Soundtrack', 'Political', 'Villain Protagonist', 'Visual Novel', 'Memes', 'Nudity', 'Sexual Content', 'Politics']"
this is the police 2,785740,Y,0,12,Mixed,2018-07-31,5297,THQ Nordic,225.0,20,1253,17,1849,"['Strategy', 'Story Rich', 'Singleplayer', 'Turn-Based', 'Management', 'Indie', 'Adventure', 'Villain Protagonist', 'Crime', 'Choices Matter', 'Atmospheric', 'Simulation', 'Great Soundtrack', 'Turn-Based Strategy', 'Turn-Based Tactics', 'Detective', 'Noir', 'Tactical', 'Turn-Based Combat']"
tilt brush,327140,N,,,Very Positive,2016-04-05,1206,Google,,,,,,"['Design & Illustration', 'VR', 'Free to Play', 'Hand-drawn', 'Casual', 'Singleplayer']"
tmodloader,1281930,N,,,Overwhelmingly Positive,2020-05-16,374109,Re-Logic,,,,,,"['Adventure', 'Free to Play', 'Action', 'Indie', 'RPG', 'Mod', 'Sandbox', 'Moddable', 'Multiplayer', '2D', 'Pixel Graphics', 'Building', 'Survival', 'Online Co-Op', 'Singleplayer', 'Great Soundtrack', 'Replay Value', 'Co-op', 'Difficult', 'Open World Survival Craft']"
tom clancy's rainbow six siege,359550,Y,0,48,Very Positive,2015-12-01,1530738,Ubisoft,226.0,108,218,79,17298,"['FPS', 'PvP', 'Multiplayer', 'Shooter', 'Tactical', 'eSports', 'Competitive', 'Online Co-Op', 'Action', 'Hero Shooter', 'Team-Based', 'Military', 'Strategy', 'First-Person', 'Co-op', 'Realistic', 'Destruction', 'War', 'Difficult', '3D']"
total war shogun 2,34330,Y,1,106,Very Positive,,37304,SEGA,227.0,87,1798,13,12977,"['Strategy', 'Historical', 'Turn-Based Strategy', 'RTS', 'Grand Strategy', 'Tactical', 'Singleplayer', 'Multiplayer', 'Samurai', 'Real Time Tactics', 'Military', 'Diplomacy', 'Ninja', 'Co-op', 'Turn-Based', 'Medieval', 'Great Soundtrack', 'Moddable', 'Turn-Based Tactics', 'Action']"
tower of guns,266110,Y,0,17,Very Positive,2014-03-04,524,Terrible Posture Games,228.0,35,162,21,842,"['Boomer Shooter', 'Replay Value', 'Bullet Heaven', 'Comic Book', 'First-Person', 'Action', 'Shooter', 'Indie', 'Fast-Paced', 'Stylized', 'Difficult', 'FPS', 'Singleplayer', 'Action Roguelike', 'Roguelite', 'Procedural Generation', 'Roguelike', 'Sci-fi', 'Perma Death', 'Comedy']"
tropico 4,57690,Y,0,70,Very Positive,2011-09-01,8187,Kalypso Media Digital,229.0,67,2458,42,6619,"['City Builder', 'Simulation', 'Strategy', 'Management', 'Comedy', 'Sandbox', 'Singleplayer', 'Great Soundtrack', 'Economy', 'Real-Time with Pause', 'Politics', 'Building', 'Resource Management', 'Political', 'Funny', 'Cold War', 'RTS', 'Atmospheric', 'Capitalism', 'God Game']"
ultimate custom night,871720,N,,,Very Positive,2018-06-27,62474,Scott Cawthon,,,,,,"['Free to Play', 'Horror', 'Singleplayer', 'Difficult', 'Survival Horror', 'Robots', 'Strategy', 'First-Person', 'Survival', 'Dark', 'Indie', 'Point & Click', 'Action', 'Psychological Horror', 'Atmospheric', 'Story Rich', 'Memes', 'Funny', 'Simulation', 'Character Customization']"
umiro,727760,Y,0,8,Mostly Positive,2018-03-28,165,Devolver Digital,230.0,3,359,8,310,"['Adventure', 'Indie', 'Strategy', 'Puzzle', 'Singleplayer', 'Colorful']"
undercroft warriors,2547140,Y,0,8,8 user reviews,2024-08-09,8,Fuzzy,,,,,,"[""Shoot 'Em Up"", 'Top-Down Shooter', 'Twin Stick Shooter', 'Bullet Hell', 'Difficult', 'Shooter', 'Arcade', '2D', 'Top-Down', 'Controller', 'Action', 'Pixel Graphics', 'Stylized', 'Score Attack', 'Old School', 'Retro', 'Combat', 'Indie', 'Singleplayer', 'Fast-Paced']"
undertale,391540,N,,,Overwhelmingly Positive,2015-09-15,296669,tobyfox,231.0,2600,432,891,1284,"['Great Soundtrack', 'Story Rich', 'Choices Matter', 'Multiple Endings', 'Pixel Graphics', 'Funny', 'RPG', 'Singleplayer', 'Indie', '2D', 'Comedy', 'Replay Value', 'Bullet Hell', 'Cute', 'Memes', 'Retro', 'Dark', 'Psychological Horror', 'Dating Sim', 'Horror']"
unplagued,3062930,N,,,Mixed,2024-10-10,86,Euphoric Brothers,232.0,2,41,,,"['Online Co-Op', 'Horror', 'Multiplayer', 'First-Person', 'Exploration', 'Psychological Horror', 'Funny', 'Procedural Generation', 'Co-op', 'Survival Horror', 'Atmospheric', 'Dungeon Crawler', 'Adventure', '3D', 'Action', 'Action-Adventure', 'Early Access', 'Medieval', 'Casual', 'Singleplayer']"
victoria ii,42960,N,,,Very Positive,2010-08-30,16447,Paradox Interactive,233.0,20,1605,4,22611,"['Grand Strategy', 'Strategy', 'Historical', 'Political Sim', 'Politics', 'Economy', 'Simulation', 'Real-Time with Pause', 'Military', 'World War I', 'War', 'Sandbox', 'Singleplayer', 'RTS', 'Management', 'Alternate History', 'Multiplayer', 'Moddable', 'Diplomacy', 'Great Soundtrack']"
void bastards,857980,Y,0,24,Very Positive,2019-05-28,3877,Blue Manchu,234.0,119,528,13,1920,"['FPS', 'Action Roguelike', 'Singleplayer', 'Shooter', 'Extraction Shooter', 'Roguelike', 'Immersive Sim', 'Stealth', 'Comic Book', 'First-Person', 'Procedural Generation', 'Strategy', 'Stylized', 'Space', 'Sci-fi', 'Action', 'Crafting', 'Indie', 'Roguelite', 'Gore']"
vrchat,438100,N,,,Mostly Positive,2017-02-01,265324,VRChat Inc.,,,,,,"['VR', 'Free to Play', 'Multiplayer', 'Anime', 'Memes', 'Funny', 'Massively Multiplayer', 'First-Person', 'Open World', 'Early Access', 'Simulation', 'Casual', 'Adventure', 'Sandbox', 'Comedy', 'MMORPG', 'Dating Sim', 'Survival Horror', 'Action', 'Atmospheric']"
vvvvvv,70300,Y,0,19,Overwhelmingly Positive,2010-09-07,6615,Terry Cavanagh,235.0,749,149,119,320,"['Pixel Graphics', 'Precision Platformer', 'Platformer', 'Indie', '2D Platformer', 'Great Soundtrack', 'Difficult', 'Retro', '2D', 'Singleplayer', 'Exploration', 'Action', 'Sci-fi', 'Adventure', 'Short', 'Minimalist', 'Metroidvania', 'Puzzle', 'Open World', 'Space']"
wallpaper engine,431960,Y,0,17,Overwhelmingly Positive,2018-11-16,930041,Wallpaper Engine Team,,,,,,"['Utilities', 'Anime', 'Software', 'Design & Illustration', 'Animation & Modeling', 'First-Person', 'Indie', 'Cute', 'Memes', 'Action', 'Singleplayer', 'Funny', 'Early Access', 'Photo Editing', 'Sandbox', 'Gaming', 'Horror', 'Game Development', 'Souls-like', 'Multiplayer']"
war thunder,236390,Y,1,91,Mostly Positive,2013-08-15,767095,Gaijin Network Ltd,,,,,,"['Free to Play', 'Vehicular Combat', 'Simulation', 'Action', 'Combat', 'Flight', 'World War II', 'VR', 'War', 'Military', 'Tanks', 'Multiplayer', 'Naval Combat', 'Massively Multiplayer', 'Modern', 'Cold War', 'Shooter', 'Realistic', 'Third Person', 'Third-Person Shooter']"
warframe,230410,Y,189,193,Very Positive,2013-03-25,669776,Digital Extremes,,,,,,"['Free to Play', 'Looter Shooter', 'Action RPG', 'Third-Person Shooter', 'Action', 'RPG', 'Third Person', 'Massively Multiplayer', 'Online Co-Op', 'Character Customization', 'Co-op', 'PvE', 'Sci-fi', 'Singleplayer', 'Space', 'Lore-Rich', 'Shooter', 'Hack and Slash', 'Parkour', 'Ninja']"
warhammer vermintide 2,552500,Y,0,26,Very Positive,2018-03-08,90603,Fatshark,236.0,181,694,42,7737,"['Co-op', 'Dark Fantasy', 'Hack and Slash', 'Online Co-Op', 'Multiplayer', 'Dwarves', 'Gore', 'PvE', 'First-Person', 'Fantasy', 'RPG', 'Elves', 'Roguelite', 'Combat', 'Action RPG', 'Action', 'Atmospheric', 'FPS', 'Singleplayer', 'Adventure']"
way of the passive fist,625680,Y,0,36,Very Positive,2018-03-06,182,Household Games Inc.,237.0,13,244,,,"['Action', 'Indie', ""Beat 'em up"", 'Pixel Graphics', 'Arcade', '2D']"
the witcher 3 wild hunt,292030,Y,0,78,Overwhelmingly Positive,2015-05-18,812992,CD PROJEKT RED,220.0,2700,3195,2400,10829,"['Open World', 'RPG', 'Story Rich', 'Atmospheric', 'Fantasy', 'Adventure', 'Singleplayer', 'Nudity', 'Choices Matter', 'Great Soundtrack', 'Third Person', 'Medieval', 'Action', 'Multiple Endings', 'Action RPG', 'Dark Fantasy', 'Magic', 'Dark', 'Sandbox', 'Sexual Content']"
the witness,210970,Y,0,2,Very Positive,2016-01-26,16922,"Thekla, Inc.",221.0,512,1026,227,2388,"['Puzzle', 'Exploration', 'First-Person', 'Open World', 'Singleplayer', 'Colorful', 'Indie', 'Atmospheric', 'Difficult', 'Walking Simulator', 'Adventure', 'Mystery', 'Nonlinear', 'Philosophical', 'Relaxing', 'Surreal', 'Casual', 'Great Soundtrack', 'Beautiful', 'Story Rich']"
wizard of legend,445980,Y,0,19,Very Positive,2018-05-15,17271,Contingent99,238.0,61,556,70,1669,"['Action Roguelike', 'Pixel Graphics', 'Roguelike', 'Dungeon Crawler', 'Local Co-Op', 'Magic', 'Action', 'Multiplayer', 'Roguelite', 'Adventure', 'Co-op', 'Indie', 'Difficult', 'Local Multiplayer', 'Hack and Slash', '2D', 'Singleplayer', 'RPG', 'Procedural Generation', 'Fast-Paced']"
wolfenstein ii the new colossus,612880,Y,0,80,Mostly Positive,2017-10-26,34659,Bethesda Softworks,239.0,1600,660,118,2142,"['FPS', 'Action', 'Gore', 'Singleplayer', 'Alternate History', 'Violent', 'First-Person', 'Shooter', 'World War II', 'Story Rich', 'Nudity', 'Stealth', 'Sci-fi', 'Atmospheric', 'Comedy', 'Dystopian', 'Adventure', 'Great Soundtrack', 'Open World', 'Multiplayer']"
world of goo,22000,Y,0,8,Very Positive,2008-10-13,4801,2D BOY,240.0,292,361,51,885,"['Puzzle', 'Indie', 'Physics', 'Singleplayer', 'Great Soundtrack', 'Casual', '2D', 'Cute', 'Comedy', 'Building', 'Atmospheric', 'Funny', 'Classic', 'Satire', 'Surreal', 'Touch-Friendly', 'Difficult', 'Story Rich', 'Strategy', 'Family Friendly']"
worms revolution,200170,Y,0,34,Very Positive,2012-10-10,5638,Team17 Digital Ltd,241.0,6,1168,2,1913,"['Strategy', 'Multiplayer', 'Funny', 'Turn-Based Strategy', 'Turn-Based', 'Local Multiplayer', 'Comedy', 'Local Co-Op', 'Physics', 'Singleplayer', 'Tactical', 'Action', '2.5D', 'Co-op', 'Team-Based', 'Family Friendly', 'Classic', 'Side Scroller', '4 Player Local', '2D']"
xcom enemy unknown,200510,Y,0,85,Very Positive,2012-10-11,40115,2K,242.0,629,1642,100,4838,"['Turn-Based Strategy', 'Tactical', 'Strategy', 'Sci-fi', 'Turn-Based', 'Aliens', 'Singleplayer', 'Difficult', 'Base Building', 'Turn-Based Tactics', 'Replay Value', 'Addictive', 'Character Customization', 'Perma Death', 'Multiplayer', 'RPG', 'Action', 'Atmospheric', 'Futuristic', 'Reboot']"
yakuza 0,638970,Y,0,55,Overwhelmingly Positive,2018-08-01,77659,SEGA,243.0,1400,1927,399,8822,"['Story Rich', 'Action', ""Beat 'em up"", 'Great Soundtrack', 'Crime', 'Open World', 'Minigames', 'Funny', 'RPG', 'Singleplayer', 'Violent', 'Adventure', 'Comedy', 'Sexual Content', 'Third Person', 'Atmospheric', 'JRPG', 'Dating Sim', 'Anime', '1980s']"
zombotron,664830,Y,0,8,Very Positive,2019-04-22,2930,Ant.Karlov Games,244.0,12,409,12,488,"['Action', '2D', 'Adventure', 'Singleplayer', 'Indie', 'Zombies', 'Shooter', 'Sci-fi', 'Platformer', ""Shoot 'Em Up"", 'Side Scroller', 'Great Soundtrack', 'Difficult', 'Action-Adventure', 'Remake', 'RPG', 'Atmospheric', 'Aliens', 'Action RPG', 'Colorful']"
